// Generated by scripts/generate_web_assets.py. Do not edit manually.
#include "IrrigationWebAssets.h"

#include <Esp32Base.h>
#include <rom/miniz.h>

#include <cstddef>
#include <cstdint>

namespace IrrigationWebAssets {
namespace {

struct Descriptor {
    const uint8_t* compressed;
    uint32_t compressedSize;
    uint32_t uncompressedSize;
};

const uint8_t kHomeStyle[] = {
    0x78, 0xda, 0xbd, 0x59, 0xdb, 0x8e, 0xe2, 0x38, 0x10, 0x7d, 0x9f, 0xaf, 0xc8, 0xaa, 0xb5, 0x12,
    0x48, 0x84, 0x4d, 0x80, 0x70, 0x09, 0xa3, 0xd5, 0xfc, 0x8a, 0x13, 0x3b, 0xc4, 0xdb, 0x89, 0x1d,
    0x39, 0x4e, 0x03, 0x83, 0xf8, 0xf7, 0x2d, 0x3b, 0x37, 0x3b, 0x04, 0x1a, 0xa6, 0x77, 0xf6, 0x65,
    0x5a, 0xc4, 0x76, 0x5d, 0x4f, 0x9d, 0x2a, 0x7b, 0xbe, 0x97, 0xf2, 0x9c, 0x91, 0xbf, 0xbf, 0xcd,
    0x53, 0x9e, 0x13, 0x37, 0x25, 0x82, 0x5f, 0x30, 0x2d, 0x8b, 0x0c, 0x9d, 0xc3, 0x83, 0xa0, 0x78,
    0xaf, 0xfe, 0x71, 0x25, 0xc9, 0xe1, 0x8b, 0x24, 0x6e, 0xcc, 0xb3, 0x2a, 0x67, 0x65, 0x98, 0x53,
    0x96, 0xa3, 0xd3, 0xc4, 0x9b, 0xf9, 0x89, 0x98, 0x3a, 0xa8, 0x92, 0x7c, 0x7f, 0x40, 0x45, 0xe8,
    0x6f, 0x8b, 0xd3, 0x1e, 0x65, 0xf4, 0xc0, 0x5c, 0x0a, 0x67, 0xca, 0x30, 0x26, 0x4c, 0x12, 0xb1,
    0x2f, 0x10, 0xc6, 0x94, 0x1d, 0xc2, 0x85, 0x07, 0xeb, 0x11, 0x17, 0x98, 0x88, 0xd0, 0x2f, 0x4e,
    0x4e, 0xc9, 0x33, 0x8a, 0x9d, 0x0f, 0x24, 0x26, 0xae, 0x4b, 0x22, 0x37, 0xa3, 0x8c, 0x4c, 0x9b,
    0x75, 0x57, 0x20, 0x4c, 0xab, 0x32, 0xf4, 0x17, 0xea, 0x08, 0x8a, 0xdf, 0x0f, 0x82, 0x57, 0x0c,
    0x87, 0x6a, 0x0f, 0x12, 0xee, 0x41, 0x2d, 0x83, 0xf0, 0x89, 0xbf, 0x0c, 0x30, 0x39, 0xcc, 0xde,
    0x92, 0x55, 0x82, 0x92, 0x0d, 0xfc, 0x4d, 0x92, 0xe9, 0x3e, 0x47, 0xe2, 0x40, 0x99, 0x3e, 0xeb,
    0x78, 0x57, 0xc3, 0xb7, 0xf9, 0x11, 0x09, 0x76, 0xf9, 0x5c, 0x5c, 0x67, 0x92, 0xda, 0xef, 0x96,
    0x3c, 0x91, 0xd3, 0x46, 0x74, 0x63, 0x1d, 0x04, 0x82, 0x8b, 0xf0, 0x8d, 0x24, 0x71, 0xb2, 0x5b,
    0x5f, 0x0d, 0x05, 0x18, 0xb1, 0x03, 0x11, 0xaf, 0xa8, 0xa8, 0x4f, 0x3c, 0x56, 0xe2, 0x45, 0xc8,
    0x54, 0x42, 0x59, 0xc2, 0x5f, 0x51, 0xa1, 0xf6, 0x3f, 0x50, 0x10, 0x47, 0x18, 0x93, 0xa0, 0x8d,
    0x13, 0x39, 0x93, 0x48, 0xf0, 0x63, 0x07, 0x83, 0x28, 0xe3, 0xf1, 0x7b, 0x13, 0x52, 0x37, 0xe2,
    0x52, 0xf2, 0x3c, 0x0c, 0x20, 0x29, 0xf5, 0xe1, 0x4e, 0x47, 0x5e, 0x49, 0x82, 0xa7, 0xfb, 0x84,
    0x33, 0xe9, 0x96, 0xf4, 0x27, 0xa9, 0x33, 0xa7, 0x7f, 0x1e, 0x09, 0x3d, 0xa4, 0x32, 0xdc, 0x04,
    0x9e, 0xe1, 0x84, 0x93, 0xfa, 0x97, 0x26, 0x4f, 0x9e, 0xe3, 0x39, 0xeb, 0x76, 0xb3, 0x3e, 0xbb,
    0x58, 0x15, 0x27, 0x73, 0x6f, 0xd1, 0x6d, 0x1d, 0x57, 0xdb, 0xec, 0xcd, 0x39, 0xa3, 0x92, 0x8b,
    0x71, 0xd3, 0x25, 0x2f, 0xc2, 0xcd, 0x93, 0x76, 0xdb, 0xf2, 0xda, 0xa4, 0x0e, 0x4e, 0xd6, 0x5f,
    0xa7, 0xa6, 0x9d, 0xf3, 0x48, 0x32, 0x48, 0xc6, 0xfb, 0x05, 0x0a, 0x04, 0xbe, 0x68, 0xb7, 0x97,
    0xaa, 0x28, 0xda, 0x0a, 0xf0, 0x1c, 0x7f, 0xdd, 0x89, 0x47, 0xb1, 0xa4, 0x9c, 0xcd, 0x53, 0x0a,
    0xe1, 0x67, 0x9d, 0xd1, 0x8c, 0x33, 0x62, 0x62, 0x16, 0xac, 0xc2, 0xa4, 0x5b, 0x4d, 0x32, 0x32,
    0x5a, 0x62, 0xff, 0x54, 0xa5, 0xa4, 0xc9, 0x19, 0x52, 0x0a, 0x3f, 0x99, 0xd4, 0xfb, 0x5c, 0xc2,
    0xb0, 0xae, 0x4b, 0x55, 0x77, 0x8d, 0xce, 0x58, 0x85, 0xe4, 0x72, 0xa4, 0x58, 0xa6, 0xa1, 0xbf,
    0x19, 0x7c, 0x9f, 0xa7, 0xa8, 0xd4, 0x90, 0x07, 0x53, 0x9b, 0x3d, 0x8b, 0x60, 0xb0, 0xc7, 0x95,
    0x34, 0x27, 0x83, 0x08, 0xd7, 0x81, 0xa1, 0x0c, 0xcc, 0xa5, 0x72, 0x90, 0x46, 0x1b, 0x02, 0x9e,
    0x57, 0xff, 0x86, 0x20, 0x52, 0x04, 0x7f, 0x59, 0x95, 0xc3, 0x99, 0x38, 0x94, 0x28, 0xaa, 0x32,
    0x80, 0x30, 0xfc, 0x2e, 0xf7, 0x0a, 0xce, 0x6d, 0xf4, 0xfc, 0xb9, 0x6f, 0x69, 0xc7, 0x40, 0x43,
    0xf7, 0xf3, 0xfb, 0x4b, 0xb8, 0x5c, 0x81, 0x51, 0xc7, 0x14, 0xa2, 0xe9, 0x96, 0x05, 0x8a, 0x09,
    0x24, 0xe0, 0x28, 0x50, 0x61, 0x69, 0x6d, 0x63, 0xd2, 0x2a, 0xa6, 0x4c, 0xdb, 0xa8, 0x93, 0x31,
    0x80, 0x57, 0x9b, 0xe9, 0x25, 0x70, 0xcf, 0x66, 0x8c, 0xee, 0x1a, 0xd2, 0x18, 0xf0, 0xdc, 0x6e,
    0xb7, 0xb3, 0x89, 0x6e, 0x84, 0x82, 0x1a, 0xd7, 0xde, 0xb6, 0x28, 0xd8, 0x78, 0x5b, 0xd3, 0x25,
    0x7f, 0xe0, 0x52, 0x00, 0x2e, 0xd9, 0x51, 0x5c, 0x06, 0x7b, 0x49, 0x4e, 0xd2, 0xc5, 0x24, 0xe6,
    0x02, 0x29, 0xdc, 0xd5, 0x40, 0x33, 0xb3, 0x5f, 0x00, 0x5e, 0xc0, 0x74, 0xe7, 0x26, 0xdb, 0x83,
    0x90, 0x2a, 0x8b, 0xac, 0x88, 0xae, 0x07, 0x30, 0x1a, 0x13, 0xa4, 0x13, 0x67, 0x87, 0x59, 0xe4,
    0x28, 0x6b, 0x91, 0xae, 0xfa, 0xcc, 0x33, 0x9d, 0x47, 0x90, 0x82, 0x20, 0x39, 0x59, 0xcc, 0xac,
    0x16, 0x34, 0xad, 0xdb, 0x8f, 0xca, 0xac, 0xcd, 0xfd, 0x8d, 0x05, 0x48, 0x60, 0xbb, 0x82, 0x74,
    0x79, 0x60, 0x2a, 0x88, 0x2e, 0xc1, 0xb0, 0x96, 0xbe, 0x37, 0xaa, 0x76, 0xb1, 0xf4, 0x8c, 0x64,
    0xea, 0xc6, 0xf6, 0xb5, 0xc6, 0xa5, 0x88, 0xd7, 0x30, 0x07, 0xf4, 0x20, 0xfc, 0x72, 0x55, 0xeb,
    0xc8, 0xb9, 0x11, 0x91, 0x47, 0x42, 0x58, 0xed, 0xb3, 0xd7, 0xf9, 0xdc, 0x92, 0xb3, 0xdf, 0x93,
    0x67, 0xa7, 0xc9, 0x49, 0x17, 0x3d, 0x85, 0x1a, 0x99, 0xdb, 0xf4, 0x5c, 0x87, 0x28, 0xbb, 0x18,
    0xa5, 0x7b, 0xc3, 0xde, 0xeb, 0x1b, 0x48, 0xed, 0xf9, 0x07, 0x11, 0x49, 0xc6, 0x8f, 0xae, 0x2a,
    0x98, 0x10, 0xb1, 0xf3, 0x11, 0x18, 0xa0, 0xc5, 0x54, 0x59, 0x45, 0xad, 0xca, 0xb5, 0xca, 0x85,
    0x73, 0x87, 0xbb, 0x1f, 0x4b, 0x81, 0xf0, 0xb0, 0x8b, 0x51, 0x62, 0xca, 0xb9, 0x3e, 0x2d, 0x2a,
    0x17, 0x75, 0xa0, 0xed, 0x62, 0xba, 0x53, 0x4a, 0xba, 0x8a, 0x0c, 0xc1, 0x0e, 0xc4, 0x93, 0x8d,
    0x72, 0xd9, 0x03, 0xfa, 0xf0, 0xbb, 0x90, 0x69, 0x11, 0xd1, 0x7d, 0x36, 0x5a, 0x5a, 0x3d, 0x4d,
    0xc5, 0xda, 0x8a, 0xe8, 0x1a, 0x8a, 0xf4, 0xa1, 0xef, 0xbc, 0x92, 0x31, 0xfc, 0x6d, 0xa3, 0xa8,
    0x5c, 0xd7, 0x61, 0xec, 0xdc, 0xf7, 0x7e, 0xc1, 0x7d, 0xd3, 0x22, 0x15, 0x4b, 0x3b, 0xa7, 0x41,
    0x60, 0x20, 0xa7, 0x1b, 0x66, 0x46, 0xc6, 0x91, 0x87, 0x33, 0x59, 0xe0, 0xd5, 0x33, 0x59, 0x92,
    0x8c, 0x8f, 0x39, 0x53, 0x53, 0x49, 0x3d, 0x92, 0x8d, 0x8c, 0x55, 0x2f, 0xab, 0xe8, 0x99, 0xd2,
    0x52, 0xc0, 0xdf, 0x07, 0xe2, 0xe3, 0x2d, 0x59, 0x61, 0xcb, 0x51, 0x55, 0x67, 0x6e, 0x42, 0x19,
    0x2d, 0x53, 0x82, 0x2f, 0x88, 0xd1, 0xbc, 0xa6, 0x48, 0xbd, 0x43, 0x90, 0xb2, 0xca, 0xa4, 0x9b,
    0x42, 0x88, 0x32, 0x15, 0x26, 0x67, 0x39, 0x0f, 0x4a, 0x87, 0xa0, 0x52, 0x67, 0xa8, 0x11, 0x93,
    0x40, 0x33, 0x2f, 0x07, 0x04, 0x86, 0xea, 0x8e, 0x30, 0x48, 0x9f, 0x71, 0xe0, 0x19, 0xc2, 0x5b,
    0xcf, 0x03, 0x92, 0x3b, 0x16, 0xdb, 0x69, 0xc9, 0x5b, 0x1b, 0x5c, 0xcb, 0x0e, 0x95, 0x4a, 0xb0,
    0x06, 0x76, 0x98, 0x50, 0x01, 0x6e, 0xc5, 0x29, 0xcd, 0xf0, 0xe5, 0xd1, 0xd8, 0xa4, 0x59, 0xa2,
    0x1e, 0x46, 0xca, 0x4f, 0x29, 0xa9, 0xd5, 0x6d, 0xe0, 0x5c, 0xcf, 0xff, 0x0d, 0x28, 0xeb, 0x22,
    0x5d, 0xdb, 0x0c, 0xd4, 0xc8, 0x76, 0x12, 0xa0, 0xfc, 0x8e, 0x86, 0x9a, 0x0d, 0xe0, 0xaf, 0x3c,
    0x8f, 0x9b, 0x37, 0xc0, 0xe6, 0xa6, 0x39, 0xc1, 0xb8, 0x24, 0x16, 0x25, 0x58, 0x4c, 0x7d, 0xa7,
    0x26, 0xb6, 0x0f, 0x6b, 0xe2, 0xd3, 0xa2, 0x57, 0xe1, 0xfd, 0xf1, 0x4e, 0xce, 0x89, 0x40, 0x39,
    0x29, 0x9d, 0x51, 0x5c, 0x5c, 0xbc, 0x3f, 0x01, 0x68, 0x27, 0xb7, 0x4c, 0x11, 0xe6, 0x47, 0x3d,
    0xd5, 0x7a, 0x8e, 0x4a, 0xba, 0x38, 0x44, 0x68, 0xe2, 0x6f, 0x66, 0xfe, 0x62, 0x39, 0xf3, 0x97,
    0xbb, 0xd9, 0x7c, 0xb1, 0x98, 0x5e, 0x7d, 0x6f, 0x6c, 0xbb, 0x77, 0xb3, 0xd9, 0x9b, 0x5e, 0xa1,
    0x47, 0xe6, 0x88, 0x55, 0x28, 0x83, 0x81, 0x14, 0xa3, 0xac, 0x99, 0xcc, 0x00, 0x12, 0x13, 0x20,
    0xe5, 0xe2, 0x34, 0x8b, 0x51, 0x16, 0x4f, 0x40, 0xde, 0xc7, 0xd1, 0x71, 0x9d, 0x05, 0x78, 0x0a,
    0xfd, 0xd0, 0xbc, 0x72, 0xfd, 0x41, 0xf3, 0x82, 0x0b, 0x09, 0xf3, 0xd6, 0xb5, 0x15, 0xd4, 0xc2,
    0xcc, 0xe6, 0x96, 0x9b, 0xe5, 0xdf, 0xd8, 0xa5, 0x74, 0xe7, 0x19, 0x53, 0xe7, 0xa4, 0xcb, 0xd1,
    0x56, 0xb5, 0xba, 0x9d, 0x71, 0xee, 0x08, 0x40, 0x97, 0xe1, 0x34, 0x3f, 0xdc, 0x96, 0xd1, 0x52,
    0x7e, 0x75, 0xda, 0xd8, 0x8e, 0x09, 0xb6, 0x26, 0x8d, 0xa6, 0x21, 0x80, 0xcf, 0x75, 0xc6, 0x3c,
    0x73, 0xc0, 0xd8, 0xac, 0x6f, 0x50, 0xeb, 0x7f, 0x3a, 0x64, 0x34, 0x70, 0xfd, 0x02, 0xb4, 0xd5,
    0x10, 0x38, 0xad, 0x47, 0x41, 0x9d, 0xc9, 0x30, 0x23, 0x89, 0x1c, 0xf7, 0x03, 0xd8, 0xef, 0xe3,
    0x86, 0xfd, 0xd1, 0x0e, 0x6e, 0x8b, 0x4b, 0x7b, 0xb0, 0x09, 0xe0, 0xea, 0x1d, 0x8d, 0xcb, 0x98,
    0x97, 0x24, 0x83, 0x19, 0x0b, 0x48, 0xd5, 0x12, 0xd3, 0x99, 0x53, 0x08, 0xa0, 0x5a, 0x71, 0x9e,
    0x8e, 0x3a, 0xd0, 0x2c, 0x76, 0x4e, 0x0f, 0x6a, 0x45, 0xc5, 0xe8, 0x46, 0xd0, 0x1d, 0x57, 0x20,
    0x25, 0x28, 0xca, 0xc0, 0x0c, 0x0e, 0xd8, 0xa4, 0xf2, 0x1c, 0xce, 0x83, 0xed, 0x3e, 0xae, 0x44,
    0x09, 0xc6, 0x00, 0x9f, 0x40, 0x2c, 0xa0, 0x09, 0x13, 0x3c, 0x7e, 0xda, 0x89, 0x66, 0xe3, 0xdf,
    0x15, 0xcb, 0xde, 0x5b, 0x82, 0xd9, 0x36, 0xb3, 0x91, 0x70, 0x4f, 0xf8, 0xe5, 0x55, 0x90, 0x77,
    0xba, 0x4d, 0x16, 0x5c, 0x75, 0x57, 0x9f, 0xb7, 0x60, 0xb1, 0xf6, 0x36, 0xfe, 0xf0, 0xca, 0x63,
    0x93, 0xe9, 0xea, 0xee, 0xe8, 0xf1, 0xc0, 0x9d, 0xc1, 0x6c, 0xf3, 0xdc, 0xa8, 0x34, 0x94, 0x57,
    0x13, 0xfe, 0xff, 0x8f, 0xfc, 0x71, 0x52, 0x6f, 0xcd, 0xfb, 0x2f, 0xee, 0x1f, 0x3b, 0x43, 0xde,
    0x4f, 0xb8, 0x5c, 0xbd, 0xfe, 0x92, 0x06, 0x24, 0x0e, 0xee, 0x77, 0xef, 0x69, 0x9f, 0x3c, 0xa7,
    0xfd, 0xbe, 0xd8, 0x59, 0x6e, 0x38, 0x19, 0x8a, 0x48, 0xd6, 0x73, 0xf2, 0x27, 0xc0, 0xd1, 0x47,
    0x28, 0x2b, 0x2a, 0xd9, 0x3e, 0x33, 0x40, 0xa7, 0x03, 0xf2, 0x3f, 0x35, 0x2c, 0xa8, 0xae, 0x9d,
    0xfb, 0xe1, 0xfb, 0x48, 0x3f, 0x14, 0x98, 0x52, 0x34, 0xc6, 0x1f, 0xa4, 0xb1, 0x1d, 0xa4, 0x83,
    0xfe, 0x5c, 0x59, 0xe5, 0x8a, 0x07, 0xac, 0xf9, 0x60, 0x71, 0x73, 0x65, 0x58, 0x8e, 0x5e, 0xcc,
    0xeb, 0x77, 0xb0, 0x27, 0xe3, 0xd4, 0xbf, 0xa9, 0x0d, 0x75, 0x1b, 0x74, 0xd1, 0x7e, 0xb9, 0xbd,
    0x67, 0x5c, 0x47, 0xb7, 0xbc, 0x5a, 0x60, 0x66, 0x73, 0xd3, 0xb3, 0x81, 0x33, 0x6f, 0xe7, 0xb8,
    0xc1, 0x9d, 0xe9, 0xfa, 0xed, 0x47, 0x4e, 0x30, 0x45, 0x93, 0x3e, 0x11, 0x7a, 0x78, 0x98, 0x5e,
    0xfa, 0x97, 0xa6, 0x99, 0x71, 0x15, 0x1f, 0x47, 0x2b, 0x80, 0xd4, 0x78, 0xee, 0xea, 0x8b, 0x78,
    0x6d, 0x3f, 0xd7, 0xa5, 0xbe, 0x79, 0x93, 0xf4, 0xad, 0xc5, 0xfa, 0x39, 0xcb, 0x44, 0x75, 0x29,
    0x05, 0x91, 0x71, 0x7a, 0xe7, 0x4e, 0xae, 0xc7, 0x87, 0x95, 0xfd, 0xc0, 0x30, 0x7b, 0xfc, 0x66,
    0xa5, 0x00, 0x37, 0xfa, 0x2a, 0x77, 0xb3, 0xac, 0xdb, 0xb5, 0x81, 0x45, 0xe3, 0x6e, 0x15, 0x58,
    0x03, 0xf5, 0xfd, 0x78, 0xd4, 0x0f, 0x6c, 0xc3, 0x3c, 0x34, 0xaa, 0xec, 0xc9, 0x4c, 0x85, 0xbb,
    0x57, 0xb0, 0x7a, 0x38, 0x98, 0xe9, 0x11, 0x65, 0x66, 0xb1, 0xd3, 0x83, 0x94, 0x98, 0xa4, 0xf3,
    0x0c, 0xcf, 0x6c, 0xd7, 0x0d, 0xcd, 0xdc, 0x43, 0xcf, 0x13, 0xcc, 0x05, 0x82, 0x1c, 0x53, 0xb9,
    0x2d, 0xc1, 0x89, 0x2a, 0x18, 0xf3, 0xfa, 0xee, 0x38, 0x58, 0x1d, 0xe1, 0x87, 0x86, 0x00, 0xae,
    0xdf, 0xbe, 0xff, 0x55, 0xff, 0x9f, 0xc4, 0xbf, 0x84, 0xbd, 0xf6, 0x99,
};

const uint8_t kHomeScript[] = {
    0x78, 0xda, 0xb5, 0x58, 0x5b, 0x6f, 0xdb, 0x46, 0x16, 0x7e, 0xf7, 0xaf, 0x90, 0x5f, 0x3c, 0x9c,
    0x15, 0x45, 0xcb, 0x2d, 0xba, 0x28, 0xac, 0xb2, 0x41, 0xea, 0x26, 0xa8, 0x8b, 0xa6, 0x1b, 0xac,
    0x5d, 0x14, 0xc5, 0x62, 0x1f, 0xc6, 0xe4, 0xd8, 0x62, 0x4b, 0x91, 0x5a, 0x72, 0x68, 0x5b, 0xeb,
    0x08, 0x70, 0x2f, 0x49, 0x9c, 0xa6, 0x49, 0x9b, 0xec, 0x66, 0x5d, 0xe4, 0x82, 0xc2, 0xd8, 0x06,
    0xc9, 0x76, 0x1b, 0xc7, 0x88, 0x93, 0xda, 0xa9, 0x9d, 0x0d, 0xd0, 0x9f, 0xd2, 0x8a, 0x92, 0xfd,
    0x94, 0xbf, 0xb0, 0xe7, 0xcc, 0x90, 0x94, 0x68, 0x2b, 0xb6, 0x80, 0xc5, 0xbe, 0x48, 0xe4, 0xcc,
    0xb9, 0xcd, 0xb9, 0x7c, 0xe7, 0x0c, 0xdf, 0x08, 0xad, 0xc0, 0xa9, 0x8b, 0x37, 0xb5, 0xd9, 0xc8,
    0xb3, 0x84, 0xe3, 0x7b, 0x1a, 0x5d, 0x1a, 0x9a, 0x67, 0x41, 0x21, 0xe0, 0x16, 0xf7, 0xc4, 0x04,
    0x0b, 0x6c, 0xd3, 0xf6, 0xad, 0xa8, 0x06, 0x2f, 0xc6, 0x1c, 0x17, 0xa7, 0x5c, 0x8e, 0x8f, 0x6f,
    0x35, 0x26, 0x6d, 0x8d, 0x54, 0xfd, 0x1a, 0x2f, 0x29, 0xc2, 0x92, 0x05, 0x94, 0x84, 0x56, 0x44,
    0xd0, 0x58, 0x72, 0x66, 0xb5, 0x2e, 0xf7, 0xc8, 0x48, 0xc8, 0xc3, 0x10, 0x04, 0x4f, 0x09, 0x3f,
    0x60, 0x73, 0x1c, 0x85, 0x4c, 0x0a, 0x5e, 0xd3, 0x88, 0x13, 0x04, 0xce, 0x1c, 0x43, 0x9d, 0xef,
    0x46, 0xa1, 0x38, 0xed, 0x78, 0x4e, 0x58, 0xe5, 0x20, 0xc3, 0x34, 0x4d, 0x32, 0x46, 0xe8, 0xd2,
    0x01, 0xbe, 0x80, 0xd7, 0xfc, 0x79, 0x7e, 0x34, 0x6b, 0xa5, 0xab, 0xd7, 0xb0, 0x5c, 0x16, 0x86,
    0xef, 0x39, 0xa1, 0x30, 0x98, 0x0d, 0xb6, 0x7e, 0x0c, 0x84, 0xa5, 0xd9, 0x2e, 0x65, 0xc8, 0xc5,
    0xb4, 0x53, 0xe3, 0x7e, 0x24, 0x7a, 0x8f, 0xde, 0x97, 0x5f, 0x69, 0x3e, 0x24, 0xa2, 0xa9, 0xbf,
    0xfa, 0xfb, 0x72, 0x99, 0x36, 0x9b, 0x16, 0x13, 0x56, 0x55, 0x73, 0xe6, 0x3c, 0x3f, 0xe0, 0x74,
    0xa9, 0x29, 0xdd, 0x67, 0xb9, 0xbe, 0xf5, 0xc9, 0x31, 0x9e, 0x93, 0x34, 0x84, 0xea, 0xf2, 0x1f,
    0x8d, 0x19, 0x84, 0xbe, 0x24, 0x80, 0x30, 0x65, 0x7a, 0x9b, 0x89, 0xc1, 0x98, 0x6c, 0x20, 0x84,
    0x43, 0x43, 0x64, 0xe4, 0xfb, 0xc8, 0x88, 0xfc, 0x33, 0x60, 0x99, 0x81, 0x23, 0x0c, 0x5e, 0xf7,
    0xad, 0x2a, 0x5d, 0xca, 0x0c, 0x7f, 0x0b, 0x56, 0xcd, 0xf7, 0xa3, 0xda, 0x0c, 0x0f, 0xb4, 0x7e,
    0x94, 0x4a, 0xfb, 0x94, 0x60, 0x81, 0xe0, 0xb6, 0x59, 0xe7, 0xc1, 0xac, 0x1f, 0xd4, 0x98, 0x67,
    0x71, 0xc3, 0xf3, 0x17, 0x34, 0x5a, 0x49, 0x3d, 0xaa, 0xa4, 0x9d, 0x65, 0xb6, 0x36, 0x8f, 0xbe,
    0x15, 0x51, 0xe0, 0x15, 0xa6, 0x44, 0xe0, 0x78, 0x73, 0xb0, 0x60, 0xd4, 0x99, 0x2d, 0x45, 0x68,
    0xaf, 0xe8, 0xa4, 0x0c, 0xfe, 0xcc, 0xb8, 0xa2, 0x3a, 0xda, 0x3b, 0x81, 0xbc, 0x9a, 0xb2, 0x4a,
    0xaa, 0x35, 0x33, 0xdb, 0x8a, 0x67, 0x98, 0xa8, 0x1a, 0xb3, 0xae, 0xef, 0x07, 0x9a, 0x76, 0x48,
    0x7d, 0xa9, 0xd7, 0x3a, 0x3a, 0x3a, 0x56, 0x86, 0x28, 0xe9, 0xb6, 0xe9, 0xf1, 0x85, 0x02, 0x3a,
    0x4c, 0xd3, 0xa4, 0xb4, 0xe2, 0x2b, 0xaf, 0xbf, 0x0e, 0x1b, 0xbf, 0x93, 0xdb, 0x99, 0x67, 0x30,
    0x0c, 0x34, 0x7b, 0x32, 0x04, 0x5f, 0x14, 0x13, 0xbe, 0x27, 0xc0, 0xa7, 0x66, 0x76, 0x16, 0x1b,
    0x3d, 0xfd, 0xc1, 0xf4, 0xc4, 0x3b, 0x7e, 0x14, 0x84, 0x1a, 0xa5, 0x45, 0x32, 0x4e, 0x8a, 0x87,
    0x76, 0xcf, 0x38, 0x5e, 0x24, 0xf8, 0xcb, 0xf7, 0xa7, 0xb8, 0xe5, 0x7b, 0x36, 0xee, 0x67, 0xca,
    0xd1, 0x3a, 0x9a, 0x3d, 0xe5, 0x94, 0xa7, 0x5c, 0xa7, 0x23, 0xd7, 0xfd, 0x88, 0xb3, 0x40, 0x03,
    0xa9, 0xf1, 0xd3, 0xc7, 0xa4, 0xd8, 0xd5, 0x07, 0x94, 0x55, 0x58, 0x1e, 0x83, 0x9d, 0xf6, 0xed,
    0x15, 0x52, 0x4c, 0x37, 0xe4, 0x99, 0x71, 0x71, 0xf5, 0x2e, 0x69, 0xe6, 0x5c, 0x8b, 0x45, 0x30,
    0x09, 0xf2, 0x83, 0x79, 0xe6, 0x6a, 0x3d, 0x3b, 0xba, 0xf4, 0x89, 0x4a, 0x64, 0xc7, 0xab, 0x47,
    0x22, 0x34, 0x4f, 0x06, 0x01, 0x6b, 0x18, 0xf5, 0xc0, 0x17, 0xbe, 0x68, 0xd4, 0xb9, 0x11, 0xba,
    0x0e, 0xb8, 0xdb, 0x62, 0xae, 0xab, 0x65, 0xf9, 0xf7, 0x97, 0x88, 0x07, 0x8d, 0x29, 0xee, 0x72,
    0x0b, 0x4a, 0xf6, 0x24, 0xec, 0x10, 0x03, 0xa2, 0x12, 0x31, 0xb7, 0x64, 0x47, 0x81, 0xac, 0x56,
    0x42, 0xa9, 0x1e, 0x46, 0x33, 0x35, 0x47, 0xbc, 0x3c, 0x6b, 0x13, 0x16, 0x45, 0x46, 0x90, 0xbe,
    0x56, 0x63, 0x41, 0x63, 0x00, 0x06, 0x49, 0x07, 0x1c, 0x9e, 0x7f, 0x54, 0x55, 0x24, 0xe4, 0x80,
    0x23, 0x75, 0x17, 0x0e, 0x5c, 0x42, 0x6a, 0xac, 0x27, 0xa8, 0xf9, 0xff, 0xf5, 0x98, 0x99, 0x4c,
    0x05, 0x86, 0x54, 0x67, 0xf5, 0xba, 0xdb, 0x80, 0x6c, 0x9f, 0x4e, 0x36, 0xcc, 0x59, 0xe6, 0x86,
    0x5c, 0xb7, 0xfc, 0x08, 0x42, 0x5a, 0xd6, 0x41, 0x09, 0x73, 0xcd, 0x72, 0x65, 0xe8, 0x40, 0xe6,
    0x43, 0xd2, 0x27, 0x24, 0x95, 0x94, 0x44, 0x85, 0xc1, 0x80, 0x44, 0x3f, 0xc5, 0x00, 0x6c, 0x32,
    0xc8, 0x92, 0xeb, 0xaa, 0x46, 0x20, 0x88, 0x11, 0x37, 0x65, 0x65, 0xd4, 0xd8, 0xa2, 0x56, 0xd6,
    0xd5, 0xa3, 0xe3, 0x69, 0x49, 0x25, 0x4b, 0x5a, 0xdc, 0xa3, 0xe7, 0xce, 0x95, 0xf5, 0xdc, 0xa2,
    0xe4, 0xc5, 0x65, 0x95, 0x8d, 0xf2, 0xf5, 0xcd, 0x72, 0x62, 0x46, 0xb1, 0xa8, 0xcc, 0x28, 0x9a,
    0x72, 0xbd, 0xd9, 0x94, 0x34, 0x89, 0xbf, 0x69, 0xf2, 0x9f, 0x2f, 0x15, 0x64, 0x3b, 0xa1, 0x91,
    0x78, 0xeb, 0xd1, 0xfe, 0xf2, 0xa5, 0xf6, 0xe5, 0x7f, 0x15, 0xa0, 0x00, 0xa4, 0x28, 0x52, 0x68,
    0xdf, 0x59, 0x6b, 0x6f, 0x3c, 0xde, 0xdb, 0x7a, 0x58, 0xf8, 0x65, 0xab, 0x10, 0x7f, 0xb3, 0xb2,
    0xb7, 0xbe, 0x06, 0xbb, 0x4a, 0x01, 0x29, 0xc4, 0x2b, 0x17, 0xf6, 0xaf, 0x7f, 0x47, 0xe8, 0x38,
    0x89, 0x37, 0x6e, 0xb6, 0x6f, 0xff, 0xa0, 0xd8, 0x15, 0x03, 0x51, 0x6a, 0x31, 0x2f, 0xa8, 0xfa,
    0x33, 0x6c, 0x27, 0x64, 0x33, 0x2e, 0x60, 0x90, 0xf2, 0x97, 0x69, 0x96, 0x9b, 0x43, 0xc7, 0xb8,
    0x4a, 0x1d, 0x18, 0x7a, 0xc2, 0xa9, 0x79, 0x30, 0x15, 0x01, 0x9e, 0x7b, 0xe0, 0x07, 0x22, 0xd7,
    0x89, 0xde, 0xd3, 0x0c, 0xd2, 0x60, 0xa0, 0xda, 0x83, 0x91, 0xa4, 0x0a, 0xcd, 0x2a, 0x32, 0x6d,
    0x0e, 0xeb, 0xc2, 0x65, 0xf0, 0x5e, 0xff, 0x3e, 0x12, 0xca, 0xdc, 0x91, 0x2d, 0x44, 0xca, 0xc6,
    0x0c, 0xa4, 0xf8, 0x93, 0xf3, 0x21, 0x89, 0x9f, 0xfd, 0x2d, 0xbe, 0x74, 0xa5, 0xbd, 0xfa, 0xd3,
    0xfe, 0x8d, 0xe7, 0xe0, 0xc8, 0xf6, 0xa5, 0xcb, 0xf1, 0x97, 0xf7, 0xf7, 0x36, 0x3e, 0x6f, 0xdf,
    0x78, 0xfc, 0x62, 0xf7, 0xab, 0xd6, 0xf6, 0x95, 0xd6, 0xee, 0xcd, 0xd6, 0xf3, 0xf5, 0xf6, 0xdf,
    0x9f, 0xb6, 0x76, 0x76, 0x5a, 0xcf, 0x6e, 0x80, 0x23, 0xe3, 0x95, 0xeb, 0xbf, 0x2d, 0x7f, 0x46,
    0x9a, 0x28, 0x78, 0xe8, 0x78, 0xd3, 0x0e, 0x3b, 0xc1, 0x82, 0x7c, 0xff, 0x24, 0xe7, 0x04, 0xc4,
    0x26, 0xa4, 0x4d, 0x3d, 0x9d, 0x1e, 0x3c, 0xcb, 0xb8, 0xd0, 0x4c, 0x08, 0x92, 0x0e, 0x91, 0xd6,
    0x7a, 0x78, 0xee, 0x1c, 0x21, 0xd4, 0x08, 0xeb, 0xae, 0x23, 0x34, 0xa2, 0x43, 0xf7, 0x39, 0x54,
    0x0d, 0x22, 0x88, 0x78, 0x65, 0xa0, 0x70, 0xa9, 0xdc, 0x56, 0xfa, 0xfe, 0x94, 0xcb, 0xdc, 0x54,
    0xed, 0x5f, 0x7d, 0x8f, 0x4f, 0x7a, 0x36, 0x5f, 0xa4, 0x7f, 0x86, 0x34, 0x6e, 0xf6, 0xd1, 0x26,
    0x6b, 0xef, 0x65, 0x01, 0x73, 0xa0, 0x76, 0x41, 0x19, 0xfc, 0xf6, 0x04, 0x4c, 0xf8, 0x73, 0x73,
    0x6e, 0x6f, 0xc0, 0x74, 0x24, 0x80, 0x2c, 0x93, 0x3e, 0x3c, 0x3a, 0x78, 0x5b, 0x8f, 0x5a, 0x3b,
    0x57, 0x7f, 0x5d, 0xbe, 0x0d, 0x08, 0x9d, 0x73, 0x0f, 0xd8, 0xe2, 0xbd, 0xcf, 0x6a, 0x1c, 0xbc,
    0xa3, 0x02, 0x46, 0x00, 0x9a, 0x7f, 0x5d, 0xbe, 0x13, 0xaf, 0xfd, 0x3b, 0x3e, 0x7f, 0x17, 0x02,
    0x1b, 0x7f, 0xfd, 0xb0, 0xb3, 0x73, 0xaf, 0xb3, 0xf3, 0x40, 0xc5, 0xf6, 0xc5, 0xee, 0xad, 0xf6,
    0xed, 0x1f, 0xdb, 0x3f, 0xae, 0x25, 0xa1, 0x4e, 0xc2, 0x7e, 0x27, 0x7e, 0xf0, 0x6d, 0xbc, 0xb2,
    0xd1, 0x8d, 0x79, 0x25, 0xcd, 0x56, 0x15, 0x7c, 0xd5, 0xca, 0xa1, 0x51, 0x1c, 0x0b, 0x84, 0x92,
    0x2a, 0x9d, 0x0d, 0xe0, 0x91, 0xca, 0xdf, 0xc1, 0x72, 0x63, 0xf0, 0xd0, 0x61, 0x44, 0xfe, 0x9f,
    0xb5, 0xb2, 0xf5, 0x28, 0x3e, 0x7f, 0x7f, 0xff, 0xf3, 0xfb, 0xed, 0xed, 0xf3, 0xfb, 0xb7, 0x7e,
    0x3a, 0xe0, 0x90, 0xca, 0xd0, 0x82, 0xe3, 0xd9, 0xfe, 0x82, 0xa1, 0x50, 0xe3, 0x8c, 0x3c, 0xf8,
    0x87, 0xb0, 0x89, 0x93, 0x88, 0x99, 0x19, 0x82, 0x53, 0x44, 0xbe, 0xea, 0x87, 0x25, 0xac, 0xd0,
    0x25, 0xe6, 0x72, 0x18, 0x53, 0xc8, 0xde, 0xc3, 0xad, 0xbd, 0x8b, 0x9b, 0xf1, 0xc6, 0xb5, 0xd6,
    0xf6, 0xcf, 0xad, 0xed, 0xe5, 0x0c, 0xc9, 0xf6, 0xd6, 0xff, 0xd3, 0x79, 0xb6, 0x1e, 0x7f, 0x7f,
    0xaf, 0xf5, 0xf3, 0xd5, 0x42, 0xb9, 0xd0, 0xb9, 0xf9, 0x85, 0xaa, 0x5a, 0x34, 0x03, 0x67, 0x52,
    0x39, 0xf7, 0xc8, 0xf4, 0x6b, 0x26, 0x2f, 0xd0, 0xfa, 0x67, 0x9d, 0x00, 0x26, 0xd9, 0xce, 0xda,
    0xfa, 0xde, 0xfa, 0xf7, 0xaa, 0xb6, 0xdb, 0x4f, 0x2e, 0x82, 0xbc, 0x7e, 0x50, 0x89, 0x69, 0xd1,
    0x1f, 0x29, 0x5f, 0xec, 0x02, 0x58, 0x8e, 0x8c, 0xf8, 0x30, 0xfc, 0x28, 0xfb, 0x9b, 0xd9, 0xb9,
    0x55, 0x12, 0x54, 0x79, 0xe0, 0x1f, 0x33, 0x22, 0x22, 0x09, 0x74, 0x40, 0xfc, 0x9b, 0x76, 0x84,
    0xcb, 0x07, 0x20, 0x87, 0x29, 0x14, 0x08, 0x13, 0xa6, 0xb7, 0xb9, 0xba, 0x44, 0x80, 0x0f, 0x07,
    0x61, 0xb5, 0xbb, 0xe4, 0x20, 0xa0, 0xe6, 0x7b, 0x0e, 0xf4, 0xd1, 0x63, 0x18, 0x61, 0xd4, 0x5b,
    0x28, 0x25, 0xa4, 0xc0, 0x64, 0xf3, 0x59, 0x16, 0xb9, 0xe2, 0xa4, 0x35, 0x80, 0xce, 0x84, 0xb6,
    0xc4, 0xac, 0x44, 0x23, 0x73, 0x59, 0x50, 0x1b, 0x88, 0x55, 0x52, 0x66, 0x8c, 0x3d, 0x6d, 0x5a,
    0x01, 0xc3, 0x3b, 0x8e, 0x6d, 0x73, 0x4f, 0xe3, 0x8a, 0x4f, 0xaf, 0xca, 0x57, 0x89, 0x98, 0xc9,
    0x12, 0x4d, 0xfe, 0xfb, 0x40, 0x8a, 0x22, 0x26, 0x29, 0x53, 0xb3, 0x2b, 0x5b, 0x2a, 0xfd, 0xc3,
    0x4c, 0x88, 0x53, 0x99, 0x4c, 0xcb, 0x50, 0x30, 0x11, 0x85, 0xaa, 0xc7, 0x87, 0x6a, 0x68, 0xec,
    0x76, 0xf9, 0xb1, 0xb4, 0x8f, 0x2b, 0x2a, 0x23, 0xf2, 0xf8, 0x62, 0x5d, 0x56, 0xcc, 0x69, 0x70,
    0x99, 0x12, 0xc3, 0xed, 0x0f, 0x65, 0xfa, 0xc3, 0xc4, 0x09, 0x2d, 0x7e, 0x8c, 0xea, 0xf5, 0x08,
    0x52, 0x31, 0x34, 0x8f, 0xe2, 0x3c, 0x8b, 0x24, 0x13, 0x32, 0xfb, 0x71, 0x58, 0x40, 0xff, 0x9b,
    0xda, 0x51, 0x0c, 0xa7, 0x42, 0xb8, 0x98, 0x40, 0xde, 0xd9, 0x67, 0xdc, 0xb3, 0x3c, 0x50, 0xc3,
    0xaf, 0x1c, 0x28, 0xe4, 0xfc, 0x9d, 0x14, 0x01, 0xd9, 0x7b, 0x7e, 0x0d, 0x52, 0x38, 0x39, 0x05,
    0x24, 0x71, 0xe7, 0xde, 0xf5, 0xf6, 0x3f, 0x97, 0xdb, 0x4f, 0x2e, 0x03, 0x96, 0xc1, 0x86, 0x32,
    0x0c, 0xd6, 0x5b, 0xdb, 0x3f, 0x40, 0xe6, 0xb7, 0x9f, 0x7c, 0xba, 0xf7, 0xc5, 0xa5, 0xf8, 0xc2,
    0x23, 0x1c, 0x15, 0x5a, 0xbb, 0x1b, 0x9d, 0xf5, 0xd5, 0xf8, 0xe9, 0x66, 0x7c, 0xe7, 0x22, 0x6c,
    0xec, 0x5f, 0xfc, 0x1a, 0x18, 0xd0, 0x2e, 0xf0, 0xe9, 0x69, 0x67, 0x91, 0xdb, 0xda, 0xab, 0x80,
    0xa4, 0x85, 0xf7, 0x46, 0x61, 0xe2, 0x21, 0xcd, 0x83, 0x23, 0xd5, 0xa4, 0xed, 0xf2, 0x29, 0x69,
    0x77, 0xe6, 0x4f, 0x1c, 0x26, 0xd4, 0x49, 0x30, 0xc2, 0xf3, 0x80, 0xc8, 0xc3, 0xc3, 0xc9, 0x42,
    0x20, 0xac, 0x0f, 0x3c, 0x36, 0xcf, 0x1c, 0x17, 0x7b, 0xde, 0xb0, 0x69, 0x6a, 0x98, 0xb9, 0x19,
    0x86, 0xe7, 0xb7, 0x93, 0xfb, 0x2a, 0x5d, 0x82, 0xd1, 0x59, 0x46, 0x0c, 0xc0, 0xcb, 0xf5, 0x61,
    0xd2, 0x3f, 0x50, 0xfa, 0x18, 0x3f, 0x19, 0x5c, 0x33, 0xd3, 0x93, 0x77, 0xe1, 0x49, 0xdc, 0x44,
    0xd8, 0x41, 0x65, 0x2a, 0xde, 0x02, 0xba, 0x9a, 0x29, 0x99, 0x4e, 0x10, 0x9b, 0x79, 0x73, 0x3c,
    0x20, 0xe3, 0xc9, 0x05, 0x2a, 0x67, 0x51, 0x92, 0xe4, 0xd3, 0x40, 0xae, 0xda, 0x2e, 0xd0, 0xd4,
    0xc0, 0x00, 0x49, 0x24, 0xb3, 0x0f, 0x7b, 0x8e, 0xd9, 0x53, 0xef, 0x45, 0x0d, 0x65, 0x9f, 0x20,
    0x12, 0x51, 0x3c, 0x3e, 0x0e, 0x4c, 0xcd, 0x44, 0xb5, 0x04, 0x01, 0x9a, 0x3d, 0xe5, 0x90, 0x36,
    0xb1, 0x25, 0x3e, 0xbf, 0xb9, 0xff, 0xed, 0x72, 0xfc, 0xcd, 0x55, 0x15, 0xa5, 0x78, 0xf7, 0xb3,
    0x78, 0x7b, 0x9b, 0x8c, 0xf7, 0xb5, 0x09, 0x65, 0xa4, 0xa7, 0xea, 0x81, 0x0a, 0x7a, 0xe0, 0xbd,
    0x9f, 0x1a, 0x94, 0xbe, 0xf9, 0x24, 0xbe, 0xfe, 0x95, 0x02, 0x77, 0x50, 0xb9, 0xbf, 0x7a, 0x1f,
    0xe2, 0x2f, 0xe1, 0x7e, 0x73, 0x7f, 0xf5, 0x01, 0x0e, 0x42, 0xcf, 0x2e, 0xb4, 0x76, 0xae, 0x64,
    0x59, 0xa4, 0x0c, 0x02, 0xe4, 0x05, 0xb0, 0xc6, 0xc5, 0xef, 0xee, 0x2a, 0xae, 0xdf, 0x96, 0x3f,
    0xed, 0xac, 0xaf, 0x01, 0x96, 0xb6, 0x57, 0xfe, 0xa1, 0xd2, 0x07, 0xe0, 0x14, 0x01, 0xba, 0xaf,
    0xd1, 0x3d, 0x76, 0x55, 0x72, 0xc5, 0x9e, 0x43, 0x1e, 0x05, 0x25, 0x34, 0x4f, 0xd1, 0x03, 0x2f,
    0xfa, 0x70, 0x42, 0x00, 0xa7, 0x4f, 0xc0, 0x8b, 0x2e, 0x25, 0x0f, 0x7d, 0x30, 0x21, 0x09, 0xb0,
    0xde, 0x65, 0x52, 0x4f, 0x29, 0xc7, 0x21, 0x07, 0xf5, 0x41, 0x89, 0x0a, 0x87, 0x54, 0x2b, 0x74,
    0x53, 0xbb, 0x1f, 0x1e, 0x48, 0x86, 0x3f, 0x72, 0x66, 0x37, 0xfa, 0x8a, 0x3e, 0x18, 0xdc, 0xce,
    0xad, 0x6b, 0xe8, 0x5a, 0x70, 0xf9, 0x2e, 0x2c, 0xc2, 0x14, 0x2e, 0x55, 0x0c, 0xce, 0xd9, 0xda,
    0x7e, 0x40, 0xd2, 0xbe, 0x87, 0x13, 0x9f, 0xba, 0x57, 0xd6, 0x7d, 0xd7, 0xc5, 0x2b, 0x76, 0x00,
    0xf7, 0x20, 0x7c, 0x96, 0x9d, 0x58, 0x4e, 0x68, 0x59, 0xe5, 0x86, 0x56, 0x95, 0xdb, 0x91, 0xcb,
    0xcf, 0xfa, 0x78, 0xfd, 0xe2, 0x2e, 0x6b, 0xc0, 0x98, 0x80, 0xc3, 0x49, 0xfa, 0xe1, 0x26, 0x93,
    0x41, 0x2b, 0x5d, 0x71, 0x3d, 0x1f, 0x76, 0x70, 0x51, 0x57, 0x8c, 0xdd, 0x8f, 0x0b, 0xb8, 0xa8,
    0xe6, 0xda, 0x44, 0x6d, 0x3a, 0xd1, 0xa6, 0x56, 0xc8, 0xa9, 0x74, 0x96, 0xe3, 0x37, 0x1d, 0x32,
    0xda, 0xfd, 0xd2, 0x34, 0xca, 0xea, 0xce, 0xa8, 0xf2, 0x2a, 0xd1, 0x61, 0x5c, 0x01, 0xe3, 0xc6,
    0x89, 0xe7, 0x97, 0x42, 0xf0, 0x02, 0x27, 0xba, 0x15, 0x70, 0x88, 0xbe, 0x70, 0xe0, 0x08, 0xe3,
    0x24, 0x84, 0x62, 0x2b, 0xf9, 0xc0, 0x89, 0x50, 0x04, 0xc5, 0x58, 0x85, 0xbc, 0xc8, 0xc6, 0x8c,
    0x80, 0x87, 0x75, 0x18, 0x8f, 0x79, 0xf6, 0x45, 0x24, 0x5d, 0x30, 0x3e, 0x0e, 0x71, 0xac, 0x3a,
    0xc4, 0x90, 0x02, 0x56, 0xde, 0x4d, 0x70, 0x80, 0x97, 0x41, 0x1b, 0xcd, 0x7b, 0x2e, 0xed, 0x71,
    0xaa, 0xd7, 0x9c, 0x18, 0x7b, 0x0d, 0x00, 0x79, 0xfc, 0x35, 0x79, 0xc5, 0xa7, 0x86, 0xfa, 0x78,
    0xd5, 0x33, 0xd4, 0xe5, 0xb5, 0x0c, 0x20, 0x09, 0xf1, 0x1d, 0x45, 0x35, 0x87, 0xb2, 0xfd, 0xc3,
    0xc3, 0xe3, 0xbc, 0x13, 0x3a, 0x33, 0x0e, 0x5c, 0x05, 0x1a, 0x56, 0x15, 0xd3, 0x3c, 0x37, 0x47,
    0x0e, 0xa0, 0x04, 0x15, 0xe4, 0x8d, 0x91, 0x07, 0xa8, 0x0c, 0x35, 0x29, 0xc0, 0xdc, 0x1b, 0xa3,
    0xc9, 0x67, 0xcc, 0xff, 0x02, 0x74, 0xcd, 0x53, 0xc3,
};

const uint8_t kActiveTaskStyle[] = {
    0x78, 0xda, 0xbd, 0x58, 0xdb, 0x8e, 0xa3, 0x38, 0x10, 0x7d, 0x9f, 0xaf, 0x40, 0x6a, 0x8d, 0xd4,
    0x91, 0x42, 0xd6, 0x90, 0xcb, 0x24, 0x30, 0x5a, 0xed, 0xaf, 0x18, 0x28, 0x12, 0x6f, 0x83, 0x8d,
    0x6c, 0xd3, 0x49, 0x16, 0xe5, 0xdf, 0xd7, 0x06, 0x02, 0xc6, 0x81, 0x24, 0x9d, 0x6d, 0xed, 0x4b,
    0xa7, 0x01, 0xd7, 0xc5, 0xa7, 0x4e, 0x9d, 0x32, 0xfc, 0x16, 0xf2, 0x9c, 0xc1, 0x9f, 0x3f, 0x16,
    0xbc, 0xa4, 0x2e, 0x49, 0x32, 0x70, 0x0f, 0xc0, 0x59, 0x95, 0x10, 0x51, 0x64, 0xf8, 0x1c, 0xa4,
    0x19, 0x9c, 0x42, 0x9c, 0x91, 0xbd, 0x7a, 0x28, 0x21, 0x17, 0x41, 0x0c, 0x54, 0x02, 0x0f, 0xff,
    0x2e, 0x85, 0x24, 0xe9, 0xd9, 0x8d, 0x99, 0xba, 0xa4, 0x32, 0x10, 0x05, 0x8e, 0xc1, 0x8d, 0x40,
    0x1e, 0x01, 0x68, 0xb8, 0xc7, 0x45, 0xe0, 0x6d, 0x8a, 0x53, 0x58, 0xe0, 0x24, 0x21, 0x74, 0xdf,
    0x5c, 0x44, 0x8c, 0x27, 0xc0, 0x03, 0xaf, 0x38, 0x39, 0x82, 0x65, 0x24, 0x71, 0xde, 0xe2, 0x14,
    0x3c, 0x58, 0xb7, 0x0f, 0x5c, 0x8e, 0x13, 0x52, 0x8a, 0xc0, 0x43, 0x7a, 0x2d, 0x8e, 0x3f, 0xf6,
    0x9c, 0x95, 0x34, 0x09, 0x32, 0x42, 0x01, 0x73, 0x77, 0xaf, 0x1f, 0xab, 0x50, 0xef, 0xde, 0x72,
    0x9d, 0xc0, 0x7e, 0xfe, 0x96, 0xae, 0x52, 0x9c, 0xfe, 0x52, 0xbf, 0x69, 0x3a, 0xbb, 0x0c, 0xd3,
    0x77, 0x0e, 0xcb, 0x2a, 0xc7, 0x7c, 0x4f, 0x68, 0x80, 0x1c, 0xe4, 0xac, 0x94, 0xc3, 0x54, 0x25,
    0xea, 0x0a, 0xf2, 0x0f, 0x04, 0xde, 0xae, 0x38, 0xd9, 0xeb, 0x8b, 0x6e, 0x79, 0x18, 0xb3, 0x8c,
    0xf1, 0xe0, 0x13, 0xf3, 0x77, 0xd7, 0x85, 0xc8, 0xcd, 0x4b, 0x09, 0xc9, 0xec, 0xd2, 0xe0, 0x53,
    0xef, 0xf6, 0x24, 0xbf, 0x0b, 0x9d, 0x36, 0xa6, 0xe7, 0x2b, 0x44, 0x50, 0x8f, 0x95, 0x06, 0xc8,
    0x5b, 0x8d, 0x01, 0xd6, 0x65, 0xa5, 0x31, 0x99, 0x3d, 0xc0, 0x4d, 0x03, 0x73, 0x31, 0xd3, 0x76,
    0x85, 0xc4, 0xb2, 0x14, 0x0f, 0xb3, 0xd7, 0xf9, 0x6d, 0xaf, 0x18, 0x0d, 0x6d, 0x9d, 0xa8, 0x32,
    0x80, 0xec, 0x70, 0x3d, 0x02, 0xd9, 0x1f, 0x64, 0xb0, 0x41, 0xa8, 0x35, 0xca, 0x58, 0xfc, 0x51,
    0xd5, 0x76, 0xb5, 0xff, 0x80, 0xeb, 0xe7, 0xc6, 0x33, 0x57, 0x92, 0x1c, 0xba, 0x44, 0x22, 0x7d,
    0xcb, 0xa8, 0x90, 0x8f, 0x6c, 0xc7, 0x6b, 0xd4, 0x5c, 0x2b, 0x00, 0x08, 0x56, 0xbf, 0xb4, 0xcc,
    0x81, 0x93, 0x38, 0x90, 0x38, 0x2a, 0x33, 0x45, 0x0e, 0x75, 0x2d, 0x42, 0x0d, 0x8a, 0x2a, 0x67,
    0x6d, 0xe1, 0x2d, 0x3c, 0x33, 0x5c, 0x82, 0xa5, 0x1d, 0xae, 0x01, 0xdf, 0x95, 0xac, 0x08, 0xf4,
    0x3e, 0x46, 0xcb, 0x6e, 0xb2, 0xc6, 0xeb, 0x10, 0xa9, 0x3d, 0x1e, 0x31, 0xa7, 0xaa, 0x5a, 0x9d,
    0x53, 0x42, 0xeb, 0xf0, 0x35, 0xa6, 0x86, 0xeb, 0xb5, 0xd1, 0x04, 0xba, 0xcc, 0xe3, 0x7d, 0x00,
    0x69, 0x9c, 0xee, 0x36, 0x56, 0x3d, 0x77, 0xbb, 0xdd, 0xb0, 0xa0, 0x5d, 0x72, 0x3a, 0xb6, 0x2b,
    0x58, 0x2a, 0x67, 0x6d, 0xda, 0x6f, 0x5b, 0xbc, 0xfe, 0x85, 0xb6, 0x66, 0xba, 0x1a, 0xc2, 0xba,
    0x00, 0x09, 0xc4, 0x8c, 0x63, 0x49, 0x18, 0x0d, 0x28, 0xa3, 0xd0, 0x32, 0x39, 0x23, 0x9f, 0x1a,
    0x2b, 0x9c, 0x7c, 0x07, 0x97, 0xb7, 0x66, 0xa7, 0xfb, 0x93, 0xec, 0x7d, 0x8b, 0xa3, 0x24, 0x79,
    0xb5, 0xdd, 0xbb, 0xcd, 0x13, 0x9a, 0xb2, 0x66, 0xf3, 0x66, 0xeb, 0xd7, 0xfb, 0x91, 0x44, 0x66,
    0xf0, 0x14, 0xbd, 0x35, 0xb2, 0xb9, 0x2a, 0xd1, 0x91, 0x24, 0xf2, 0x10, 0x20, 0xdb, 0x87, 0xa9,
    0x1f, 0x26, 0xa8, 0xdb, 0x5b, 0xc2, 0x87, 0xec, 0x13, 0x78, 0x9a, 0xb1, 0xa3, 0x7b, 0xe4, 0xca,
    0x31, 0xa6, 0xe7, 0xa3, 0x52, 0x14, 0xb8, 0xf1, 0xb8, 0x90, 0x78, 0x5f, 0xe9, 0x94, 0x6a, 0x45,
    0xc2, 0xa5, 0x64, 0x16, 0xb9, 0x06, 0x8e, 0xd7, 0xc8, 0xcc, 0x49, 0xd7, 0xa9, 0x97, 0xa8, 0xa5,
    0x56, 0x0b, 0x07, 0x3d, 0x66, 0xec, 0xf2, 0xca, 0xd8, 0xde, 0x49, 0xca, 0x78, 0x6e, 0x65, 0x71,
    0xdd, 0xa7, 0xbd, 0x94, 0xd0, 0xa2, 0x94, 0x95, 0x06, 0xa9, 0x6d, 0xa9, 0xe5, 0x66, 0x24, 0x49,
    0x83, 0x4d, 0x39, 0x48, 0xd5, 0x92, 0xbd, 0xbc, 0xec, 0x39, 0x49, 0x42, 0xfd, 0xc7, 0x55, 0xe8,
    0xab, 0x3b, 0x12, 0x14, 0x87, 0xb2, 0x32, 0xa7, 0x22, 0xe0, 0x50, 0x00, 0x96, 0xef, 0xab, 0xb9,
    0x72, 0x9f, 0xe3, 0xd3, 0x3b, 0x9a, 0x7b, 0x29, 0x9f, 0xcd, 0xfa, 0xd2, 0xf4, 0x0d, 0xa4, 0xf9,
    0x74, 0xb1, 0x83, 0x54, 0x26, 0xdb, 0x1e, 0xc8, 0x64, 0xdb, 0x28, 0x56, 0x6f, 0x4d, 0x74, 0x56,
    0xbd, 0xf6, 0x26, 0x9c, 0xa3, 0x38, 0x4f, 0x2d, 0xf9, 0x78, 0x88, 0xbe, 0x6f, 0xa1, 0xb5, 0x1a,
    0x94, 0xb4, 0x75, 0x1c, 0x4d, 0x8b, 0xd2, 0x72, 0x38, 0xb4, 0xb6, 0xb7, 0xe0, 0x3f, 0x21, 0x89,
    0x0f, 0xc9, 0x79, 0xdd, 0x60, 0x8e, 0xb3, 0xec, 0x7e, 0x2e, 0x0f, 0x37, 0x8c, 0x6e, 0x37, 0x6c,
    0x49, 0xf2, 0x72, 0x6d, 0xf2, 0x45, 0x53, 0xe3, 0x19, 0xb2, 0xb4, 0x1c, 0xf1, 0x37, 0x2a, 0xc0,
    0x7c, 0xb1, 0x55, 0x44, 0x71, 0x7a, 0xda, 0x2c, 0x56, 0xea, 0xba, 0x51, 0x21, 0x7f, 0x8a, 0x38,
    0x71, 0xc9, 0xb9, 0x6a, 0xfd, 0x79, 0x73, 0x71, 0xc0, 0x5c, 0xba, 0x31, 0xe6, 0x49, 0x4f, 0xa2,
    0xf5, 0x37, 0xce, 0x5a, 0x01, 0xb1, 0xd6, 0x5a, 0x37, 0xc3, 0x11, 0x4c, 0x20, 0x1a, 0x31, 0x29,
    0x59, 0x5e, 0x8f, 0x86, 0xd7, 0x59, 0xd4, 0x6e, 0xea, 0xdb, 0x34, 0x1c, 0x59, 0x68, 0x35, 0x22,
    0x30, 0xa1, 0x83, 0xbb, 0x29, 0xb9, 0x1a, 0x18, 0x4f, 0x49, 0x9e, 0x6d, 0x54, 0x70, 0xb6, 0xe7,
    0x20, 0x44, 0x75, 0x25, 0x0a, 0x32, 0xce, 0x46, 0x8d, 0xda, 0x6d, 0xbb, 0x0a, 0x3d, 0x9e, 0x8e,
    0x46, 0xd3, 0x5f, 0xe9, 0x1f, 0x1c, 0x88, 0x9a, 0x3c, 0x74, 0x18, 0x6e, 0xac, 0xab, 0xbb, 0x0c,
    0xd0, 0xcf, 0xb0, 0x9d, 0x0d, 0x56, 0x5c, 0x42, 0x55, 0x07, 0x11, 0x39, 0x1a, 0xb9, 0xe0, 0x44,
    0xa5, 0x7d, 0x9e, 0x85, 0x92, 0x63, 0x2a, 0x48, 0x3d, 0x73, 0x6b, 0x2f, 0xce, 0xc2, 0x5f, 0x0b,
    0x07, 0xb0, 0x80, 0x21, 0x4c, 0x09, 0x48, 0x4c, 0xb2, 0x61, 0xf9, 0x9e, 0xab, 0xd5, 0x53, 0xea,
    0xff, 0x58, 0x20, 0x9a, 0x74, 0x6a, 0x85, 0x48, 0x71, 0x2c, 0xbf, 0x22, 0xde, 0xfe, 0x98, 0x78,
    0x6f, 0xad, 0x1e, 0xec, 0x46, 0x50, 0x17, 0xa2, 0xeb, 0xba, 0x9d, 0x3e, 0x27, 0xa0, 0x9b, 0xba,
    0x6e, 0x1f, 0x2b, 0x73, 0xe7, 0xeb, 0x25, 0x5d, 0xf6, 0xa6, 0x3a, 0xaa, 0x77, 0x7b, 0x47, 0x95,
    0xfd, 0xa1, 0x2a, 0xaf, 0x5e, 0x51, 0xe5, 0x8b, 0x2d, 0x44, 0x37, 0x27, 0x91, 0xe6, 0xd9, 0xfd,
    0xd6, 0xd6, 0x37, 0xf4, 0xa9, 0x9c, 0xcb, 0x67, 0x28, 0x63, 0x88, 0x63, 0x2b, 0x3f, 0xfd, 0x09,
    0xbf, 0x0b, 0x36, 0xd5, 0xee, 0x9b, 0xc9, 0x76, 0xef, 0x4d, 0xeb, 0x52, 0xfc, 0x07, 0x39, 0xab,
    0x3d, 0xe9, 0x29, 0x55, 0x15, 0xac, 0x6d, 0x1d, 0x0e, 0x8a, 0x77, 0x6a, 0x52, 0x84, 0xc6, 0x21,
    0xc4, 0x47, 0xeb, 0x61, 0xde, 0xda, 0xc4, 0x89, 0x31, 0xfd, 0xc4, 0xc2, 0xaa, 0x5a, 0x83, 0x68,
    0xdd, 0xca, 0x53, 0xc6, 0x8a, 0xda, 0xf2, 0xdc, 0x07, 0xc4, 0x91, 0x92, 0x7e, 0x95, 0x73, 0x48,
    0xa8, 0x00, 0xa9, 0x30, 0xf8, 0xaa, 0xae, 0xb6, 0xb7, 0x9f, 0xea, 0xcd, 0x82, 0x11, 0xbd, 0xd8,
    0x85, 0x4f, 0x65, 0x24, 0xcc, 0xb3, 0xb9, 0x90, 0x50, 0xd8, 0x9d, 0x38, 0xd2, 0x5b, 0xdd, 0x7c,
    0xd3, 0xeb, 0x9f, 0x69, 0xdc, 0xa5, 0x62, 0xab, 0x33, 0x68, 0xda, 0x46, 0x94, 0x3b, 0x4d, 0x19,
    0xd9, 0x61, 0x37, 0x23, 0x91, 0x6e, 0xd7, 0xef, 0x39, 0x6d, 0x19, 0xc3, 0x52, 0x65, 0xee, 0x12,
    0x85, 0x5e, 0xf5, 0x22, 0xd2, 0x4d, 0x8d, 0x7d, 0x0d, 0xcd, 0xb5, 0xc6, 0xb7, 0xa3, 0x62, 0xad,
    0x18, 0x30, 0x29, 0x29, 0x5f, 0x1f, 0xc1, 0x1d, 0xfb, 0x75, 0xf6, 0x8b, 0x56, 0xca, 0xab, 0x36,
    0x64, 0xfb, 0x3e, 0xb6, 0x4b, 0xe3, 0x6d, 0x82, 0xee, 0x0d, 0x09, 0x53, 0xd0, 0x4c, 0x47, 0x8e,
    0x05, 0xcc, 0xdd, 0x39, 0xd3, 0x46, 0x1b, 0xe0, 0xb9, 0x88, 0x99, 0xaa, 0x3b, 0x48, 0x78, 0xc6,
    0x13, 0xfb, 0x18, 0x77, 0xe2, 0xe6, 0x98, 0x50, 0x27, 0x9a, 0x5b, 0x37, 0x46, 0x8e, 0x89, 0x37,
    0x36, 0xd5, 0x68, 0x7f, 0x4f, 0x6c, 0x71, 0xc4, 0x64, 0x00, 0xaf, 0x11, 0xd6, 0xc8, 0xa5, 0x1d,
    0x9b, 0xaf, 0xab, 0x8d, 0xe9, 0x65, 0xfc, 0x2b, 0x05, 0x65, 0x12, 0xae, 0x5a, 0x58, 0x73, 0xff,
    0xa9, 0x37, 0xae, 0xb1, 0x80, 0x3f, 0xfe, 0xca, 0x21, 0x21, 0xf8, 0x5d, 0x75, 0x5d, 0x2b, 0xf2,
    0x3b, 0xa4, 0x1c, 0xce, 0xaa, 0xdb, 0x37, 0xa7, 0x2f, 0xcd, 0xdb, 0x8b, 0x75, 0x92, 0x1e, 0x37,
    0x56, 0x4b, 0x2f, 0x23, 0x29, 0xfc, 0xda, 0xf4, 0x29, 0x5c, 0x3f, 0x6a, 0x8d, 0x0f, 0x97, 0xd1,
    0x2f, 0x48, 0x13, 0x73, 0xa8, 0xfe, 0x37, 0x21, 0xbc, 0x39, 0x02, 0x07, 0x4d, 0x0e, 0xb5, 0xbc,
    0xac, 0x06, 0x1f, 0x4f, 0xaa, 0x3e, 0x91, 0x8d, 0xff, 0xd3, 0x7a, 0xf1, 0x1c, 0x38, 0x17, 0x92,
    0x83, 0x8c, 0x0f, 0x77, 0x3c, 0xf7, 0x07, 0xd7, 0xe1, 0x5b, 0x6e, 0xfb, 0xfe, 0xda, 0x0f, 0x81,
    0xcb, 0xff, 0x86, 0x77, 0x2f, 0xca, 0x13, 0x3a, 0x8c, 0x6c, 0x1d, 0xbe, 0x65, 0x65, 0x6d, 0xd9,
    0x18, 0x04, 0x7e, 0x68, 0x70, 0x34, 0x83, 0x54, 0x8e, 0x55, 0x74, 0xe5, 0x8f, 0x93, 0x6a, 0x6e,
    0x9f, 0xf0, 0xee, 0xf1, 0xe4, 0xf7, 0x1f, 0xcd, 0xd7, 0xe0, 0x7f, 0x01, 0xc8, 0x75, 0x1f, 0xd5,
};

const uint8_t kActiveTaskScript[] = {
    0x78, 0xda, 0xcd, 0x5a, 0x5b, 0x6f, 0x1b, 0xc7, 0x15, 0x7e, 0xd7, 0xaf, 0x90, 0x13, 0xc4, 0xb3,
    0x2b, 0x2d, 0x97, 0x17, 0x4b, 0xb6, 0x4b, 0x6a, 0x4d, 0x38, 0x8e, 0x93, 0x38, 0x70, 0x02, 0x23,
    0x32, 0xe0, 0xb6, 0x8e, 0x1e, 0x56, 0xdc, 0x11, 0xb9, 0xcd, 0x72, 0x97, 0xdd, 0x5d, 0x8a, 0xa2,
    0x25, 0x02, 0x4e, 0xd0, 0x54, 0x51, 0x1d, 0xe7, 0x8a, 0x20, 0x37, 0xb7, 0xae, 0xdb, 0x14, 0xce,
    0xcd, 0x8a, 0x90, 0x4b, 0x9d, 0xa8, 0x71, 0x02, 0xf4, 0xa7, 0xb4, 0x26, 0x29, 0x3d, 0xf5, 0x2f,
    0xf4, 0x9c, 0x33, 0xb3, 0x37, 0x92, 0x92, 0x9d, 0x87, 0x02, 0x7d, 0x30, 0xb5, 0x3b, 0x73, 0xe6,
    0xcc, 0x99, 0x73, 0xbe, 0x73, 0x9b, 0xf5, 0x42, 0x50, 0xf3, 0xed, 0x56, 0x78, 0x4a, 0x59, 0x69,
    0xbb, 0xb5, 0xd0, 0xf6, 0x5c, 0x45, 0x5d, 0x5f, 0x35, 0xfd, 0x69, 0xc7, 0x5e, 0xe5, 0x86, 0xe5,
    0xd5, 0xda, 0x4d, 0xee, 0x86, 0x7a, 0x9d, 0x87, 0x67, 0x1d, 0x8e, 0x8f, 0x8f, 0x77, 0xcf, 0x59,
    0x0a, 0xf3, 0xdb, 0x6e, 0x0e, 0x29, 0x98, 0xaa, 0xd9, 0xae, 0x1d, 0xda, 0xa6, 0x73, 0x1a, 0x16,
    0xc3, 0x8a, 0x23, 0x47, 0x70, 0xb8, 0x12, 0x31, 0x9b, 0xb6, 0xda, 0xbe, 0x49, 0x5c, 0x57, 0x81,
    0xad, 0xf1, 0xac, 0x19, 0x36, 0xf4, 0xa6, 0xb9, 0xa6, 0x14, 0xb4, 0xe7, 0xda, 0xcd, 0x65, 0xee,
    0xc3, 0xf0, 0xc6, 0x46, 0x41, 0xad, 0xd8, 0x2b, 0xca, 0xea, 0xc2, 0xf1, 0x82, 0xea, 0xf3, 0xb0,
    0xed, 0xbb, 0xd3, 0xab, 0xb3, 0x6c, 0x7a, 0x78, 0xfb, 0x6d, 0x26, 0xc6, 0x8f, 0x1d, 0x2f, 0xc4,
    0x33, 0xc4, 0x61, 0xc5, 0xf1, 0x3c, 0x58, 0x9a, 0x87, 0x05, 0x40, 0xd8, 0x7f, 0xf5, 0xf7, 0xd3,
    0x6c, 0x56, 0x59, 0x7d, 0x4c, 0xbc, 0xd2, 0xba, 0x49, 0xd4, 0xc4, 0x06, 0xe9, 0x77, 0xde, 0x18,
    0xbc, 0xf7, 0x77, 0x58, 0x92, 0x9a, 0x85, 0xd5, 0x34, 0x9d, 0xb0, 0x64, 0xbd, 0xf8, 0x0c, 0x8e,
    0x1d, 0x72, 0x3f, 0xc0, 0x13, 0x08, 0xb6, 0x8a, 0x92, 0x11, 0x3e, 0x5f, 0x2c, 0xc0, 0x4a, 0x3d,
    0xf4, 0x9e, 0xb4, 0xd7, 0xb8, 0xa5, 0x1c, 0x43, 0x06, 0xe7, 0x53, 0xcb, 0x61, 0x87, 0xce, 0xcf,
    0x5b, 0x9c, 0x6f, 0xda, 0x6e, 0x8a, 0x41, 0xc0, 0x43, 0xc5, 0xb6, 0xb4, 0x55, 0x61, 0x98, 0x83,
    0xad, 0x62, 0x5b, 0xa4, 0x48, 0xae, 0x72, 0x3d, 0xe4, 0x6b, 0xe1, 0x19, 0xcf, 0x0d, 0x61, 0xca,
    0x58, 0xed, 0xe1, 0x32, 0xdb, 0x6d, 0xb5, 0xc3, 0x20, 0x59, 0xfb, 0xdb, 0x36, 0xf7, 0xbb, 0x8b,
    0xdc, 0xe1, 0xb5, 0xd0, 0xf3, 0x4f, 0x3b, 0x8e, 0xc2, 0x74, 0x34, 0x6a, 0xad, 0x1d, 0x84, 0x5e,
    0x33, 0x17, 0x99, 0x0d, 0xec, 0x1b, 0xb4, 0x97, 0x9b, 0x76, 0x78, 0x38, 0x14, 0xe4, 0x2a, 0x41,
    0xca, 0xd4, 0xc4, 0xfc, 0xed, 0x96, 0x65, 0x86, 0xfc, 0x0c, 0x4d, 0x4b, 0x60, 0xd5, 0xbc, 0x36,
    0x08, 0x55, 0xd0, 0x42, 0x2f, 0x34, 0x1d, 0xa3, 0x50, 0x11, 0x82, 0xe9, 0x2b, 0x9e, 0x7f, 0xd6,
    0xac, 0x35, 0x12, 0x18, 0xda, 0x82, 0x3c, 0x03, 0x1a, 0xf1, 0x68, 0xbb, 0x91, 0x0e, 0x6d, 0x1c,
    0x47, 0x3d, 0x6a, 0xf1, 0xc0, 0xaa, 0xe9, 0xb4, 0x39, 0xa9, 0x56, 0xa0, 0xea, 0x54, 0x41, 0x5d,
    0xa7, 0x2d, 0x67, 0x67, 0x2b, 0xb4, 0xe5, 0x2c, 0x28, 0xa4, 0xa7, 0x56, 0x50, 0xa9, 0x59, 0xd9,
    0x9b, 0x4d, 0xd3, 0xef, 0x32, 0x8d, 0x88, 0xab, 0x0a, 0xeb, 0xdf, 0xfd, 0x6a, 0xff, 0xea, 0xd6,
    0xe0, 0xda, 0xa7, 0x80, 0x14, 0xc1, 0x80, 0x4d, 0x0f, 0xfe, 0x78, 0x6b, 0xb0, 0xf3, 0xcd, 0xde,
    0xdd, 0x2f, 0xa7, 0xff, 0x79, 0x77, 0xba, 0xff, 0xe6, 0xab, 0x7b, 0xdb, 0xb7, 0x60, 0x56, 0xb0,
    0x25, 0xd4, 0xec, 0xbf, 0x7d, 0x93, 0xa9, 0x65, 0xd6, 0xdf, 0xf9, 0x70, 0x70, 0xe3, 0x33, 0xb1,
    0x5c, 0x2c, 0x60, 0x24, 0x8d, 0x50, 0x90, 0x2a, 0xfe, 0xe8, 0x96, 0x1d, 0x98, 0xcb, 0x0e, 0xb7,
    0x0c, 0xa1, 0x12, 0xc3, 0x28, 0xf4, 0x0e, 0x51, 0x86, 0xad, 0x9b, 0x96, 0x75, 0x76, 0x15, 0xf4,
    0x7e, 0xde, 0x0e, 0xc0, 0xb0, 0x70, 0x5a, 0x46, 0xe4, 0x4c, 0x4b, 0x6b, 0x59, 0x85, 0xb3, 0x75,
    0x6c, 0xd7, 0xf2, 0x3a, 0x68, 0x4f, 0x31, 0xb6, 0x28, 0x4c, 0x18, 0x73, 0x03, 0xf6, 0x4d, 0x75,
    0x3d, 0x6b, 0x1b, 0x14, 0xef, 0x88, 0x10, 0x6c, 0x63, 0x63, 0x44, 0x40, 0x75, 0xdd, 0x74, 0xb8,
    0x0f, 0xfa, 0xda, 0xfb, 0xf2, 0xee, 0xde, 0xe6, 0xd7, 0xfd, 0x9d, 0xb7, 0xee, 0x7f, 0xb7, 0x7b,
    0xff, 0xbb, 0xab, 0xb1, 0x3a, 0xf6, 0xb6, 0x7f, 0x1c, 0xde, 0xdb, 0xee, 0x7f, 0x7c, 0xfb, 0xfe,
    0xee, 0xeb, 0xd3, 0x85, 0xe9, 0xe1, 0x87, 0xbf, 0x03, 0x0f, 0xdb, 0x7f, 0xf7, 0xa7, 0x7f, 0x5f,
    0x7d, 0x19, 0x0e, 0x2e, 0x9d, 0x71, 0xc5, 0x74, 0x02, 0xde, 0x93, 0x2f, 0x35, 0xcf, 0x5d, 0xb1,
    0xfd, 0xa6, 0xc2, 0x86, 0xb7, 0xb6, 0xf7, 0xb6, 0x3f, 0x1e, 0xbc, 0xb6, 0xd5, 0xbf, 0xf7, 0x4e,
    0x7f, 0xeb, 0xfa, 0xde, 0xe6, 0x67, 0xfd, 0xed, 0x0f, 0xef, 0x7f, 0xbf, 0x25, 0x18, 0x0c, 0x3f,
    0xbf, 0xd6, 0xbf, 0xfe, 0x75, 0xff, 0x87, 0xab, 0xfd, 0xdb, 0xd7, 0x06, 0xdf, 0x6e, 0xc2, 0x6e,
    0xff, 0xf9, 0x01, 0x34, 0x7c, 0xf4, 0xa8, 0xe7, 0xd6, 0xb8, 0x38, 0x47, 0xaf, 0x32, 0xe1, 0x20,
    0x99, 0xa0, 0xa4, 0xae, 0xc7, 0x78, 0xb4, 0x2d, 0x87, 0x5f, 0xf0, 0x00, 0xed, 0x30, 0xc6, 0x43,
    0xd0, 0x30, 0xcb, 0xdb, 0xbe, 0x6f, 0xd7, 0x09, 0xec, 0x79, 0xb3, 0x65, 0xe7, 0x83, 0xd0, 0x0c,
    0xdb, 0x01, 0xd3, 0xd6, 0x6b, 0x60, 0x00, 0x5e, 0x66, 0xae, 0x97, 0x03, 0xbe, 0x3e, 0x07, 0x60,
    0xf8, 0xdc, 0x02, 0xed, 0x03, 0xdb, 0xa0, 0xcc, 0x02, 0xb3, 0xc9, 0x73, 0x1e, 0xac, 0x44, 0x4f,
    0x05, 0xff, 0x6d, 0x70, 0x37, 0xb1, 0x96, 0x1f, 0x39, 0xfb, 0xb4, 0xaf, 0xff, 0x26, 0xc0, 0x90,
    0x3a, 0x46, 0x12, 0x80, 0x41, 0x01, 0x0f, 0xba, 0x29, 0x24, 0x74, 0xbc, 0x1a, 0x89, 0xa0, 0xfb,
    0xdc, 0xf1, 0x4c, 0x0b, 0x4e, 0xc1, 0x41, 0x59, 0xe8, 0xf9, 0x17, 0xed, 0x26, 0xf7, 0xda, 0x18,
    0x00, 0x84, 0xe4, 0xda, 0x3c, 0x06, 0x0c, 0xe0, 0x07, 0x0b, 0xd2, 0x08, 0x51, 0xd7, 0x27, 0x11,
    0x63, 0x74, 0x41, 0xea, 0xde, 0x81, 0x9c, 0xa4, 0x75, 0x28, 0x46, 0xd4, 0x4c, 0x77, 0xd5, 0x0c,
    0x0e, 0x77, 0x75, 0x8c, 0x66, 0xb9, 0x5a, 0xc3, 0xf4, 0xc1, 0xcf, 0x35, 0xde, 0x6c, 0x85, 0xdd,
    0x07, 0x84, 0x06, 0x24, 0xcd, 0x11, 0x21, 0x06, 0x13, 0xb3, 0xd9, 0x72, 0x78, 0x60, 0x5c, 0x5e,
    0xd2, 0xea, 0x08, 0x61, 0x3a, 0xb4, 0x21, 0x9d, 0x17, 0x33, 0x87, 0x0e, 0xa6, 0x34, 0x41, 0x58,
    0x3d, 0x99, 0x46, 0x5f, 0xd6, 0x02, 0xee, 0x83, 0xe2, 0x27, 0x52, 0x8a, 0x29, 0xa2, 0xe2, 0x6b,
    0x2d, 0x88, 0x67, 0xdc, 0x7a, 0x12, 0x84, 0x9c, 0x48, 0x9b, 0x26, 0xa0, 0xc4, 0x33, 0x15, 0x43,
    0xc3, 0x37, 0xdd, 0x3a, 0x7f, 0x22, 0x4e, 0x57, 0x14, 0x46, 0xd0, 0x46, 0xf4, 0x94, 0xce, 0x4d,
    0xf8, 0x9e, 0xce, 0x4f, 0xf8, 0x0e, 0xb9, 0x07, 0xfd, 0x37, 0x43, 0x03, 0xb9, 0x24, 0x09, 0x0a,
    0x93, 0x32, 0x92, 0x24, 0x4a, 0x72, 0x58, 0xc4, 0x4a, 0x72, 0xef, 0x25, 0xc2, 0x59, 0xbe, 0xd9,
    0x01, 0x13, 0x4f, 0x21, 0xb6, 0x85, 0x95, 0xe4, 0x56, 0x95, 0x29, 0x34, 0x9c, 0x0f, 0x87, 0x32,
    0xc4, 0x38, 0x1a, 0xe1, 0x71, 0x88, 0x27, 0x96, 0xed, 0xd6, 0xcf, 0x38, 0x36, 0xd8, 0xe2, 0x79,
    0x98, 0x54, 0x54, 0xcd, 0x6a, 0xf9, 0x86, 0x0c, 0x0c, 0x16, 0x5f, 0xb5, 0x6b, 0xfc, 0x02, 0x64,
    0x1c, 0xe7, 0x79, 0x3c, 0xee, 0xc6, 0x46, 0x51, 0xeb, 0x24, 0x71, 0xb6, 0x74, 0xb2, 0xa0, 0x21,
    0x47, 0xbd, 0x63, 0x5b, 0x61, 0x43, 0xd5, 0x1a, 0x46, 0xa9, 0x30, 0xaf, 0x39, 0x7c, 0x25, 0x34,
    0xe6, 0x4b, 0x1a, 0x60, 0xbe, 0x11, 0x1a, 0xc5, 0x12, 0x04, 0xf0, 0x96, 0x51, 0x9c, 0xd3, 0x96,
    0xbd, 0x10, 0xfc, 0xce, 0x28, 0x9d, 0xd4, 0x5a, 0x8e, 0x17, 0x5e, 0x32, 0x3a, 0x39, 0xa4, 0xcc,
    0x11, 0x19, 0x0d, 0x3d, 0x6d, 0x34, 0x72, 0x40, 0x9b, 0x13, 0x84, 0x95, 0x29, 0x29, 0x27, 0x31,
    0x37, 0x3a, 0x33, 0x20, 0x57, 0x45, 0x0e, 0x35, 0x38, 0xf1, 0x6e, 0xd0, 0x18, 0x1d, 0xac, 0x96,
    0x3a, 0x15, 0xe5, 0xb3, 0x35, 0x88, 0x42, 0x25, 0x0b, 0x82, 0x4a, 0x4d, 0x0f, 0x6a, 0x10, 0x95,
    0x14, 0x20, 0xc5, 0xa3, 0xe1, 0x40, 0xcd, 0xe1, 0xa6, 0x4f, 0xa7, 0x2d, 0x68, 0x05, 0xad, 0xa3,
    0x35, 0x70, 0x70, 0x05, 0x56, 0x19, 0xac, 0x58, 0x6c, 0xad, 0x4d, 0x07, 0xa6, 0x1b, 0xe4, 0x10,
    0x2d, 0x2b, 0x0c, 0x27, 0x6c, 0xc7, 0x59, 0x0c, 0xbb, 0x0e, 0x37, 0xd8, 0xa3, 0xc7, 0x8f, 0x9f,
    0x28, 0x9c, 0x9c, 0xc7, 0x51, 0xdc, 0xe1, 0x71, 0x80, 0x8a, 0x63, 0xbb, 0x30, 0xd1, 0xb4, 0x2d,
    0x70, 0x16, 0x26, 0x65, 0xa1, 0x28, 0x2d, 0x11, 0xac, 0x3b, 0xdc, 0xad, 0x87, 0x0d, 0xc8, 0x16,
    0xab, 0x00, 0xd3, 0x3a, 0x37, 0xe2, 0xd4, 0x04, 0x65, 0x84, 0xc8, 0x21, 0x33, 0xf3, 0x00, 0xaf,
    0x24, 0xcd, 0x90, 0x1f, 0x10, 0xc8, 0x92, 0x1c, 0x33, 0xb8, 0x71, 0x75, 0xef, 0xa7, 0xb7, 0xc0,
    0xf2, 0x59, 0xf0, 0x45, 0x4c, 0x11, 0x19, 0x90, 0x68, 0xe6, 0x11, 0x0d, 0xf9, 0xe1, 0xcb, 0xdf,
    0x63, 0x6a, 0x19, 0xdc, 0xf9, 0x6b, 0xff, 0xc6, 0x27, 0xc3, 0x3b, 0x5b, 0xfd, 0x1f, 0x5f, 0x19,
    0xbc, 0xbb, 0x33, 0xb8, 0xbe, 0x3d, 0x42, 0x22, 0x84, 0x05, 0x3b, 0xda, 0xcd, 0x76, 0x53, 0xa4,
    0x96, 0x6a, 0x64, 0x5a, 0xdd, 0x6c, 0xb5, 0x9c, 0xae, 0xe2, 0xb6, 0xc1, 0xfb, 0xe5, 0x41, 0x44,
    0x05, 0x52, 0x2e, 0x52, 0xe5, 0x90, 0xf2, 0x0e, 0xc8, 0x9b, 0x11, 0x8f, 0x18, 0x18, 0x72, 0x20,
    0xe3, 0x66, 0xa2, 0x80, 0xa9, 0x10, 0x0a, 0xbd, 0x76, 0xbd, 0x31, 0x46, 0x3d, 0x53, 0xd4, 0x0b,
    0x27, 0xb5, 0xa2, 0x9a, 0x9f, 0xd3, 0x5a, 0x5e, 0x87, 0xfb, 0x82, 0x00, 0x1e, 0x95, 0xa2, 0x4c,
    0xe8, 0xc2, 0x1d, 0xe8, 0xd1, 0xf1, 0xea, 0x0a, 0xb1, 0x51, 0xf3, 0xf4, 0x7e, 0xfe, 0xb9, 0x22,
    0x24, 0x72, 0xcd, 0x85, 0x40, 0x6f, 0x3a, 0xf6, 0x15, 0xc8, 0x95, 0x34, 0x9b, 0x27, 0x4e, 0x1a,
    0xa4, 0xc1, 0x16, 0xc4, 0x92, 0xa2, 0x56, 0xd2, 0x4a, 0xfa, 0xbc, 0x36, 0x0f, 0xe1, 0x6e, 0x89,
    0x06, 0x0d, 0x9a, 0xb9, 0x4c, 0xbf, 0xd2, 0x52, 0xb9, 0xe2, 0xd2, 0x0c, 0xad, 0x02, 0x97, 0x27,
    0xe7, 0xf3, 0xa7, 0x03, 0xa8, 0x3e, 0x82, 0x85, 0x34, 0x51, 0x25, 0x98, 0x9d, 0x25, 0xa7, 0x4f,
    0x36, 0x5c, 0x88, 0x78, 0x2d, 0x41, 0x84, 0x4d, 0xb1, 0x8e, 0xb8, 0x2d, 0xfb, 0xdc, 0x7c, 0xb1,
    0xd7, 0x23, 0xa5, 0x13, 0x22, 0x89, 0x60, 0x66, 0x2e, 0x15, 0x59, 0xba, 0x17, 0x11, 0xb6, 0x23,
    0x11, 0x25, 0x1d, 0x2e, 0x58, 0x21, 0x89, 0x24, 0xa7, 0x8c, 0x62, 0x3c, 0xbe, 0x18, 0xfa, 0xe0,
    0xc5, 0x42, 0x33, 0x3e, 0xfa, 0xb4, 0x64, 0x12, 0xa7, 0x54, 0x7a, 0x8d, 0x8b, 0xc7, 0x68, 0x7d,
    0xb5, 0x58, 0x2e, 0xa9, 0xbd, 0xf8, 0x98, 0x5d, 0x1b, 0xce, 0xd9, 0xb5, 0x17, 0x8c, 0x39, 0xf8,
    0xc5, 0xf3, 0x51, 0x59, 0x45, 0x32, 0x90, 0xa8, 0x5d, 0x5b, 0xeb, 0x1a, 0xe0, 0xa0, 0xb3, 0xe4,
    0xac, 0x33, 0x4a, 0x31, 0xd7, 0xb5, 0xf3, 0x73, 0xe4, 0x61, 0xa1, 0xef, 0xbd, 0xc8, 0x85, 0x93,
    0x00, 0x17, 0x90, 0xb8, 0xca, 0x1e, 0xad, 0x2d, 0x5b, 0x27, 0x2c, 0x8b, 0x95, 0xd9, 0xa3, 0xfc,
    0x04, 0x24, 0x44, 0xf2, 0x25, 0xf4, 0x96, 0x4b, 0xe4, 0xcf, 0x45, 0x78, 0x5b, 0xe6, 0x90, 0x15,
    0x2f, 0x80, 0xd0, 0x0a, 0x32, 0x69, 0x02, 0x98, 0x2f, 0x7a, 0x0a, 0x06, 0x05, 0xad, 0xab, 0x4a,
    0x62, 0x18, 0xe8, 0xc8, 0x10, 0xd1, 0x4d, 0x76, 0x22, 0xfa, 0x83, 0xfd, 0xf2, 0xb4, 0x63, 0xd7,
    0x5d, 0x83, 0xd1, 0xb2, 0xc8, 0x83, 0x49, 0xb5, 0x69, 0x05, 0x53, 0x9c, 0xca, 0x9d, 0x04, 0xb6,
    0x3d, 0x8c, 0x96, 0x84, 0x7f, 0x71, 0x64, 0x89, 0xc7, 0xf3, 0xe6, 0x32, 0xe4, 0x56, 0xa3, 0xb3,
    0x00, 0xe9, 0xaf, 0x3a, 0x5f, 0x3e, 0xae, 0x81, 0xd3, 0xe2, 0xf8, 0x22, 0x1a, 0x37, 0xf2, 0xbc,
    0x7c, 0x8c, 0xe2, 0xa2, 0x96, 0x59, 0x97, 0x2b, 0xaa, 0x5a, 0x08, 0x89, 0x74, 0x51, 0x40, 0x0f,
    0x21, 0xa7, 0x15, 0xe7, 0xb5, 0x63, 0x05, 0xed, 0x38, 0x3c, 0x94, 0x00, 0x7f, 0xd1, 0xac, 0x11,
    0x93, 0x5d, 0x8e, 0x9f, 0x12, 0x2c, 0x56, 0x22, 0xeb, 0x84, 0x88, 0xc2, 0x30, 0x58, 0x18, 0xa5,
    0x81, 0x31, 0x89, 0xc5, 0x14, 0x9f, 0x60, 0xe9, 0x94, 0x91, 0x12, 0x57, 0x5d, 0x9f, 0xb4, 0x59,
    0xb0, 0x14, 0x81, 0x92, 0xf8, 0xdb, 0xb5, 0x17, 0x41, 0xd0, 0xe8, 0x60, 0x4b, 0x9a, 0x0b, 0xba,
    0x32, 0xd2, 0xad, 0x4f, 0x34, 0x05, 0x47, 0xcb, 0x47, 0x6c, 0xd4, 0x99, 0xe8, 0xa9, 0xd2, 0x69,
    0xd8, 0x10, 0x66, 0x71, 0x15, 0x96, 0xd2, 0xc4, 0x4e, 0x6f, 0xb5, 0x83, 0x06, 0x0d, 0xa9, 0x15,
    0xfc, 0xcd, 0xc5, 0xdb, 0xf7, 0x52, 0xf3, 0x10, 0x15, 0xc4, 0xdb, 0x58, 0x35, 0x6b, 0xd6, 0x3d,
    0x61, 0x92, 0x35, 0x03, 0xad, 0x45, 0xc0, 0xbb, 0x84, 0xc0, 0x83, 0x89, 0x7c, 0x1c, 0xfc, 0x46,
    0x00, 0x08, 0x78, 0xe3, 0x2b, 0xa5, 0x95, 0x39, 0x76, 0x10, 0xc2, 0xd6, 0x30, 0x23, 0xa5, 0x00,
    0x46, 0xef, 0x02, 0xd4, 0x19, 0x88, 0x51, 0x77, 0x8b, 0xc6, 0x34, 0x60, 0x3b, 0x01, 0xea, 0xe1,
    0xeb, 0x3b, 0x10, 0x54, 0x59, 0x39, 0x1b, 0x86, 0x51, 0xcc, 0x59, 0x06, 0x45, 0xe9, 0xc3, 0xa6,
    0x0b, 0x91, 0xe1, 0xb2, 0x70, 0x15, 0x7b, 0x44, 0x87, 0xaa, 0x32, 0x3c, 0x30, 0x2b, 0x2b, 0xf1,
    0xd6, 0x02, 0xcd, 0x65, 0x56, 0x83, 0x4c, 0xcd, 0x7d, 0xa6, 0xa6, 0x71, 0x4d, 0x52, 0x6a, 0x6b,
    0x5a, 0x23, 0x57, 0xc2, 0x1a, 0x2e, 0xc6, 0x33, 0xc5, 0x0e, 0x84, 0x06, 0x95, 0x55, 0x2a, 0xfd,
    0xc2, 0xf9, 0x40, 0x38, 0x2c, 0xd9, 0x5b, 0x8e, 0xd9, 0x35, 0xd8, 0x8a, 0xc3, 0xd7, 0xa2, 0xaa,
    0x83, 0x56, 0x1e, 0x42, 0xeb, 0x7a, 0x2e, 0x26, 0xb9, 0xf1, 0x0c, 0x40, 0x46, 0x5a, 0x8e, 0xce,
    0x37, 0x16, 0xf6, 0xb5, 0x68, 0xea, 0x57, 0xd9, 0xf8, 0x11, 0x0d, 0xe7, 0x29, 0x20, 0x92, 0xf2,
    0xcd, 0x55, 0xe1, 0xdd, 0x90, 0x0f, 0xcf, 0xc3, 0xcc, 0x13, 0x26, 0x00, 0x04, 0xbc, 0x67, 0x6e,
    0x69, 0xdc, 0xcc, 0x27, 0x96, 0x4f, 0x5a, 0xbf, 0x98, 0xfb, 0x39, 0x61, 0x25, 0x16, 0x63, 0x42,
    0x78, 0xc9, 0xcc, 0xa5, 0xc2, 0x8c, 0xcf, 0xa9, 0xac, 0xff, 0x99, 0x21, 0xe7, 0x20, 0x7b, 0xc7,
    0x26, 0x63, 0xfd, 0x9b, 0xbb, 0xfd, 0x4d, 0x2c, 0xe6, 0xa2, 0x8d, 0x53, 0xbd, 0xbd, 0x26, 0x85,
    0xca, 0xcd, 0x25, 0x62, 0xe5, 0x8e, 0x81, 0x61, 0x47, 0x55, 0x50, 0x2c, 0x82, 0x12, 0x96, 0xb3,
    0x2a, 0x28, 0xc9, 0xb7, 0x67, 0x3c, 0x1b, 0x25, 0xc2, 0x74, 0x10, 0x11, 0x9c, 0x31, 0x5b, 0xa9,
    0x91, 0xb4, 0x9e, 0xa6, 0xa2, 0x72, 0x65, 0xcc, 0x07, 0x29, 0x5a, 0x6a, 0x50, 0x0f, 0xf2, 0xb5,
    0x49, 0xbe, 0xa8, 0xd0, 0xcc, 0x2c, 0x84, 0x04, 0x11, 0x41, 0x47, 0x53, 0x84, 0xac, 0x5e, 0x29,
    0xf9, 0x47, 0x66, 0x06, 0xfc, 0xd0, 0x2a, 0x82, 0x67, 0xca, 0x2d, 0xbb, 0xb2, 0x9b, 0x49, 0x79,
    0x66, 0x17, 0xdb, 0xd4, 0xa9, 0x94, 0x41, 0xa6, 0x84, 0x57, 0x86, 0x60, 0x95, 0xa8, 0xc4, 0xba,
    0x4c, 0x3b, 0x43, 0xac, 0x14, 0x58, 0x13, 0x93, 0xbf, 0x34, 0x22, 0xc3, 0x8a, 0xf7, 0x11, 0xe4,
    0x89, 0xc1, 0x04, 0x77, 0x69, 0xcb, 0x26, 0x4a, 0xcd, 0x22, 0xc9, 0xf4, 0x6b, 0x8a, 0x64, 0x1e,
    0x31, 0xd5, 0x8e, 0x41, 0x39, 0x21, 0xab, 0x93, 0x0b, 0xe7, 0x66, 0x4a, 0x11, 0x2b, 0x45, 0x9d,
    0x4a, 0x15, 0xe5, 0xd8, 0xa9, 0x3d, 0x6d, 0x23, 0x8c, 0xba, 0x07, 0xf7, 0x93, 0xd4, 0x2f, 0x35,
    0x04, 0xd5, 0xff, 0xbc, 0xab, 0x6c, 0x40, 0x8d, 0x22, 0x3b, 0xac, 0xd3, 0xbe, 0x6f, 0x76, 0x75,
    0x3b, 0xa0, 0xbf, 0x4a, 0x43, 0x8f, 0xca, 0xbd, 0x6a, 0xfc, 0xa8, 0x07, 0x0e, 0x74, 0x01, 0x4a,
    0x0e, 0xb2, 0x96, 0x5a, 0xbe, 0xbc, 0x54, 0x19, 0x6f, 0xc8, 0x1a, 0x23, 0x5d, 0x58, 0x25, 0xdb,
    0x85, 0x41, 0xb9, 0x46, 0xea, 0x5a, 0x8c, 0x1b, 0xb0, 0x8a, 0xe8, 0x53, 0x1e, 0xd0, 0x9d, 0xa6,
    0xf4, 0xa6, 0x95, 0x64, 0x7f, 0x3a, 0x72, 0x63, 0x84, 0xfd, 0x71, 0x5c, 0x3a, 0x73, 0xc7, 0x6c,
    0x05, 0xdc, 0x62, 0x5a, 0x7c, 0x99, 0x18, 0xe8, 0x72, 0x6c, 0x91, 0xd7, 0xd4, 0xd4, 0x5d, 0x8e,
    0xcf, 0x9b, 0x26, 0xa4, 0x47, 0xb7, 0x9e, 0xa1, 0x85, 0x20, 0xe7, 0xba, 0xdc, 0x7a, 0x3e, 0x9a,
    0x1c, 0x59, 0xd4, 0x31, 0x31, 0xf0, 0x6a, 0xf2, 0x96, 0x2f, 0xd0, 0xe9, 0x3a, 0xe7, 0x6c, 0x00,
    0x29, 0x0d, 0x26, 0xac, 0x4b, 0x38, 0xfb, 0xac, 0x93, 0x5e, 0x80, 0x55, 0x53, 0x8e, 0xc0, 0xc9,
    0x34, 0x36, 0xfc, 0xe2, 0x0b, 0xbc, 0x7d, 0x94, 0x2a, 0x09, 0xf4, 0x5a, 0xdb, 0xf7, 0xc1, 0x9e,
    0x98, 0x0c, 0xcf, 0x91, 0x73, 0x81, 0x0f, 0x41, 0x19, 0x9f, 0x07, 0x22, 0xd0, 0x38, 0x8c, 0x9e,
    0x19, 0xbd, 0x4b, 0x62, 0x22, 0x25, 0x89, 0x9b, 0x80, 0x5f, 0x43, 0x28, 0x36, 0x02, 0xfd, 0x0a,
    0xfc, 0x81, 0x22, 0x73, 0x8c, 0xdb, 0xd2, 0xc6, 0xc6, 0x7a, 0x4f, 0x23, 0x89, 0x2f, 0x9a, 0x3e,
    0x34, 0x45, 0x91, 0x2d, 0x92, 0xd5, 0x7a, 0x48, 0x13, 0x91, 0xdc, 0x60, 0x96, 0xf4, 0x5d, 0x17,
    0xb1, 0x4b, 0x34, 0xca, 0xfa, 0xdb, 0x7f, 0xda, 0xff, 0xe0, 0x15, 0x71, 0xb5, 0x02, 0x22, 0xa6,
    0xb4, 0x26, 0x69, 0x91, 0xe5, 0xd9, 0x44, 0xd9, 0xb3, 0x4a, 0x6a, 0xf3, 0x2a, 0x9e, 0x6b, 0xf8,
    0xd1, 0xf6, 0xe0, 0xcf, 0x9b, 0xb0, 0x56, 0x2a, 0x30, 0x35, 0x0f, 0xed, 0x0a, 0x1d, 0x3c, 0xe6,
    0x9a, 0x92, 0x52, 0x1a, 0x25, 0x4a, 0xb6, 0x64, 0x13, 0x75, 0x5c, 0xd2, 0x94, 0x45, 0xb3, 0x3b,
    0xf7, 0xb7, 0xb7, 0xfa, 0xaf, 0x7c, 0x82, 0xb7, 0x44, 0x1f, 0xbc, 0xd9, 0xdf, 0xfa, 0xf4, 0xfe,
    0xbd, 0x0f, 0xa6, 0x21, 0x8b, 0x46, 0x4f, 0xea, 0x01, 0x27, 0x39, 0x08, 0x03, 0xe8, 0xa5, 0x4c,
    0xa3, 0x9b, 0xda, 0x98, 0x1e, 0xd3, 0xdc, 0xb3, 0xce, 0x05, 0xd0, 0xa2, 0xed, 0xb6, 0x43, 0xac,
    0xba, 0x27, 0x5d, 0x2f, 0x04, 0x99, 0x3b, 0x85, 0x14, 0xbd, 0x74, 0x98, 0x08, 0xc3, 0x92, 0x48,
    0xee, 0x94, 0x5e, 0x53, 0xa5, 0x6d, 0xd3, 0x23, 0xd8, 0xe6, 0xdd, 0xf8, 0x4c, 0x5c, 0xaa, 0xb1,
    0x14, 0x93, 0x56, 0x1b, 0xc2, 0x68, 0xc0, 0x34, 0x2c, 0xb0, 0xe0, 0x89, 0x90, 0x94, 0x9a, 0x46,
    0xd0, 0x8c, 0xa0, 0x39, 0xa5, 0x70, 0x3e, 0x8e, 0x68, 0xea, 0x6a, 0xc5, 0x61, 0x0f, 0xb8, 0x18,
    0x56, 0xd8, 0x65, 0xbc, 0x3a, 0x11, 0x90, 0x17, 0xc1, 0xfd, 0x85, 0x47, 0x10, 0xc9, 0xa3, 0xc0,
    0x9c, 0x65, 0x2f, 0x3c, 0xb2, 0xc4, 0x54, 0x0d, 0x65, 0x78, 0x0e, 0xa2, 0x98, 0xc1, 0xe4, 0x45,
    0x29, 0x12, 0xe3, 0xe0, 0x39, 0x0b, 0xf3, 0x83, 0x5c, 0x26, 0x32, 0x8e, 0x8b, 0x74, 0x72, 0x64,
    0x74, 0x5b, 0x3d, 0x76, 0x34, 0xa4, 0x12, 0xb7, 0xa7, 0xf8, 0xa4, 0xc6, 0x1b, 0xe0, 0x5b, 0xfa,
    0x9e, 0x7b, 0x1c, 0x3b, 0x48, 0xca, 0x62, 0x89, 0x54, 0x2a, 0x87, 0xf1, 0x7a, 0x0f, 0xef, 0x9f,
    0xd8, 0xf0, 0xd3, 0xdd, 0xfd, 0xf7, 0xbe, 0x42, 0x0f, 0x78, 0x6d, 0xb7, 0x7f, 0xf3, 0x66, 0xff,
    0xcd, 0x2f, 0xfb, 0x7f, 0xf8, 0xe4, 0xfe, 0x77, 0x77, 0xd0, 0xa5, 0x45, 0x73, 0xbd, 0xf3, 0xcd,
    0xe0, 0xdb, 0x97, 0xe0, 0x55, 0x74, 0xdc, 0xc2, 0x45, 0x12, 0xfa, 0x97, 0x6e, 0x0c, 0xee, 0xfc,
    0x45, 0xd0, 0x8b, 0x93, 0xf6, 0x5f, 0xdd, 0x1c, 0x5c, 0xa7, 0x91, 0x25, 0xad, 0xd5, 0x80, 0xf4,
    0x9e, 0x20, 0x84, 0x36, 0x55, 0x21, 0x2d, 0x1e, 0xab, 0xc2, 0x1b, 0x9a, 0x1b, 0xc2, 0x8b, 0xb9,
    0xec, 0xd8, 0x41, 0x83, 0x5b, 0x55, 0x26, 0x76, 0xea, 0xdf, 0xfd, 0xaa, 0xff, 0x8f, 0xdd, 0xe1,
    0xe7, 0xd7, 0x00, 0xc6, 0x69, 0x09, 0xe4, 0xa0, 0x5a, 0x56, 0x84, 0xec, 0x97, 0x25, 0x3f, 0x08,
    0x05, 0x88, 0x92, 0xe1, 0xcd, 0xbf, 0xb1, 0x4c, 0x6c, 0x82, 0xa9, 0xe4, 0xd0, 0xe2, 0x02, 0x81,
    0xcd, 0x92, 0x40, 0xc2, 0xe0, 0x22, 0x3c, 0x18, 0x29, 0x67, 0xda, 0xd8, 0x18, 0x0f, 0x22, 0x13,
    0xdc, 0x13, 0xaf, 0xd9, 0x45, 0xdb, 0x98, 0x76, 0xc4, 0xf1, 0xa5, 0x63, 0x40, 0x2b, 0x8f, 0x06,
    0xc7, 0x91, 0x98, 0xa2, 0xb5, 0xb8, 0x8f, 0xe5, 0xaf, 0x21, 0x44, 0xab, 0xc6, 0x57, 0x29, 0x90,
    0xf7, 0xb5, 0xd1, 0xe6, 0x77, 0x06, 0x06, 0xf3, 0x82, 0x50, 0x55, 0xcb, 0x58, 0x82, 0xfa, 0x0f,
    0xfa, 0x36, 0x21, 0xd0, 0xd0, 0xf2, 0xbd, 0x3a, 0x14, 0x7d, 0x81, 0xc0, 0x12, 0x2c, 0x53, 0xe1,
    0x9f, 0xac, 0x84, 0xc5, 0x5d, 0x94, 0x14, 0x63, 0x96, 0x3d, 0xc6, 0x48, 0x53, 0x68, 0xa8, 0x45,
    0xd4, 0xe7, 0x43, 0xdc, 0x88, 0x0a, 0xbd, 0x13, 0xeb, 0x78, 0x99, 0x40, 0x39, 0xbe, 0x5e, 0xc4,
    0xa8, 0xce, 0x3a, 0xa6, 0xef, 0x8a, 0x20, 0x43, 0xbd, 0xa4, 0x91, 0x05, 0x1a, 0x2e, 0x1d, 0x47,
    0xcc, 0x3c, 0x14, 0x16, 0x31, 0x03, 0xdb, 0x5d, 0xf1, 0x58, 0x25, 0xc5, 0x60, 0x14, 0x79, 0x3d,
    0xaa, 0xb3, 0xe8, 0x62, 0x79, 0x04, 0x65, 0x47, 0x8f, 0x1e, 0xc9, 0x44, 0x98, 0x07, 0x70, 0xcd,
    0xe0, 0xf1, 0x30, 0xae, 0x29, 0xbb, 0xc3, 0x14, 0xb2, 0x8e, 0xef, 0xdc, 0xb3, 0xe7, 0x4e, 0x6f,
    0x70, 0xff, 0xde, 0xeb, 0xb0, 0xc1, 0xfe, 0xe6, 0x1b, 0x0f, 0xcb, 0xba, 0x01, 0x15, 0xdf, 0x64,
    0xde, 0x16, 0x76, 0x6c, 0x7e, 0x86, 0xfb, 0xfe, 0xe7, 0xef, 0x3f, 0x90, 0xfb, 0xe1, 0xe7, 0xa7,
    0xd5, 0xc3, 0x8f, 0xde, 0x1a, 0x7c, 0x7b, 0x8d, 0xb4, 0x1a, 0x5b, 0x34, 0xf3, 0x5d, 0x2d, 0x5e,
    0x51, 0x49, 0xe6, 0x6b, 0x8e, 0x19, 0x04, 0x22, 0xfe, 0x85, 0x66, 0x1d, 0x1c, 0x2f, 0xda, 0xa6,
    0xf7, 0xa0, 0x0f, 0x6f, 0x18, 0xeb, 0x98, 0x3a, 0x5e, 0xa7, 0xfb, 0x68, 0x2c, 0xfa, 0x80, 0x17,
    0xc5, 0x13, 0x1f, 0x6f, 0x70, 0xa3, 0xbb, 0xef, 0xb8, 0xcc, 0xd0, 0xae, 0xc4, 0x65, 0x83, 0x2d,
    0xaa, 0x04, 0xbb, 0x06, 0x95, 0x1c, 0x12, 0x1f, 0x18, 0x5a, 0x91, 0x02, 0x62, 0xb6, 0xc5, 0x43,
    0xd3, 0x76, 0x0e, 0x27, 0x15, 0x34, 0xf8, 0x31, 0x07, 0xa8, 0xe8, 0x94, 0xf8, 0x15, 0x0a, 0x6a,
    0xa5, 0x7a, 0xdd, 0xe1, 0x0a, 0xab, 0x79, 0x58, 0x52, 0x62, 0xe4, 0xb1, 0x17, 0x26, 0xd4, 0x40,
    0x07, 0xad, 0x12, 0x74, 0xb0, 0x08, 0x90, 0x3e, 0x69, 0x19, 0x76, 0x14, 0x20, 0xa3, 0x8a, 0x3f,
    0x19, 0xdd, 0x4f, 0xda, 0xa5, 0xca, 0xfe, 0x75, 0xe3, 0x1d, 0x56, 0x96, 0x97, 0x66, 0x36, 0xd4,
    0x5d, 0xb8, 0x5e, 0x08, 0x4e, 0xdd, 0xf2, 0x44, 0xd1, 0xc4, 0x7c, 0x86, 0xb9, 0x2c, 0x8a, 0xd2,
    0x85, 0xcb, 0x15, 0xfc, 0x50, 0xd3, 0x36, 0x1d, 0x0a, 0x69, 0xb2, 0x7c, 0x88, 0x62, 0xab, 0x4c,
    0xb5, 0x57, 0xc6, 0x03, 0x5f, 0x25, 0xc2, 0xdf, 0x01, 0xe7, 0x9b, 0xb0, 0xf7, 0x84, 0x08, 0x50,
    0x95, 0x71, 0xa2, 0xff, 0xc3, 0xd5, 0xfd, 0xf7, 0xaf, 0xb2, 0xe8, 0x0a, 0x78, 0xb0, 0x75, 0x7b,
    0xef, 0xd6, 0x6b, 0x42, 0x84, 0x28, 0x70, 0x5c, 0x19, 0x29, 0xfe, 0xaa, 0xf8, 0x15, 0xb3, 0xbf,
    0xb9, 0x7b, 0xa8, 0x94, 0x49, 0xd5, 0xf4, 0x70, 0x45, 0x13, 0x1d, 0x6a, 0x92, 0xda, 0x64, 0x38,
    0x23, 0xb9, 0x18, 0x7e, 0x63, 0xa5, 0x24, 0x0f, 0x14, 0x4f, 0x8d, 0x75, 0x16, 0xc2, 0x21, 0x65,
    0x13, 0xf0, 0x54, 0xf6, 0x53, 0x0f, 0xae, 0x58, 0xcc, 0x34, 0x1a, 0x82, 0x7a, 0x91, 0xda, 0x96,
    0x54, 0xb3, 0x81, 0x25, 0x41, 0x86, 0xfb, 0x11, 0xc3, 0x48, 0x1a, 0x16, 0x75, 0x3d, 0xd5, 0xd0,
    0x64, 0xe9, 0x2a, 0x99, 0xce, 0x2d, 0x8e, 0x12, 0xc9, 0xc6, 0xc0, 0x48, 0xb4, 0x3a, 0xe2, 0x32,
    0x38, 0x11, 0x28, 0x1a, 0x07, 0x70, 0x45, 0x9d, 0x96, 0xb8, 0xec, 0x1a, 0x4d, 0x71, 0xa3, 0xc5,
    0x63, 0x24, 0x70, 0xf6, 0xf3, 0xc1, 0x29, 0xec, 0xbd, 0xe2, 0x76, 0xac, 0x61, 0xaf, 0x84, 0x4a,
    0xdc, 0x64, 0x25, 0xbb, 0x46, 0x5d, 0x15, 0xc9, 0x99, 0x15, 0x3d, 0xf5, 0xbf, 0x0c, 0xc0, 0x42,
    0x18, 0xd9, 0xa0, 0xd5, 0x0a, 0xfd, 0x2e, 0x34, 0x4f, 0x41, 0x80, 0x79, 0x1b, 0xe8, 0xcc, 0x3a,
    0xc7, 0x6b, 0x97, 0x73, 0x21, 0x6f, 0x2a, 0x2c, 0xe9, 0x4e, 0x9f, 0x69, 0x07, 0xe1, 0x93, 0x72,
    0x11, 0x14, 0x31, 0x45, 0xa6, 0xf6, 0x44, 0xd3, 0x66, 0xd7, 0x5d, 0xe8, 0x4c, 0xd5, 0xf5, 0xde,
    0xd8, 0x47, 0xc9, 0x64, 0xb7, 0xd6, 0xff, 0xcf, 0x37, 0xd4, 0x23, 0xf1, 0x47, 0xd4, 0xf5, 0x44,
    0x07, 0xd1, 0xc5, 0x57, 0xdc, 0x4d, 0x56, 0x52, 0xfd, 0x67, 0x2b, 0xfa, 0x32, 0xfa, 0xa0, 0x46,
    0x95, 0x08, 0xa3, 0x0e, 0x55, 0x7e, 0x3b, 0x1b, 0xff, 0x08, 0x0f, 0x45, 0x85, 0x7d, 0x05, 0xce,
    0x86, 0x56, 0x52, 0xb3, 0xd0, 0x3a, 0x68, 0x57, 0x98, 0x59, 0xc8, 0xcb, 0xff, 0x78, 0xf3, 0x5f,
    0x45, 0x53, 0x68, 0x5b,
};

const uint8_t kPauseScript[] = {
    0x78, 0xda, 0xb5, 0x56, 0xcf, 0x6b, 0x1b, 0x47, 0x14, 0xbe, 0xfb, 0xaf, 0x90, 0x2f, 0x99, 0x9d,
    0xec, 0x6a, 0x23, 0xa7, 0xe0, 0x8a, 0xae, 0x37, 0x90, 0x1f, 0x0e, 0x09, 0x24, 0xa1, 0x60, 0xa7,
    0x10, 0x4a, 0x0f, 0xe3, 0xdd, 0x91, 0x3c, 0x74, 0x77, 0x66, 0x3b, 0x33, 0x2b, 0x23, 0x2c, 0x41,
    0x13, 0x5a, 0xdc, 0xf6, 0xd2, 0x43, 0x09, 0x85, 0x50, 0x52, 0x0a, 0x2d, 0x94, 0x1c, 0x12, 0x43,
    0x92, 0xf6, 0xe2, 0xf6, 0x9f, 0x29, 0x56, 0x74, 0xf3, 0xbf, 0xd0, 0x37, 0x33, 0x2b, 0x69, 0x65,
    0xb5, 0x4a, 0x1c, 0x92, 0x8b, 0x76, 0xf5, 0xe6, 0xcd, 0xf7, 0xbe, 0xf7, 0xde, 0xbc, 0x6f, 0x76,
    0x43, 0x25, 0x92, 0x15, 0xfa, 0x92, 0xd7, 0x29, 0x79, 0xa2, 0x99, 0xe0, 0x1e, 0xde, 0x5f, 0xe9,
    0x11, 0xd9, 0xe8, 0x08, 0x99, 0xc7, 0xa9, 0x48, 0xca, 0x9c, 0x72, 0x1d, 0x76, 0xa9, 0xde, 0xcc,
    0xa8, 0x79, 0xbd, 0xd2, 0xbf, 0x99, 0x7a, 0xa8, 0xc8, 0x08, 0x6f, 0x16, 0xa4, 0x54, 0xb4, 0xa9,
    0x59, 0x4e, 0x53, 0x84, 0x83, 0x5d, 0x51, 0x4a, 0xb5, 0x64, 0x87, 0x75, 0xb6, 0x4e, 0xe0, 0x2c,
    0xa9, 0x02, 0xb7, 0xd7, 0x79, 0x3b, 0xaf, 0x26, 0xd1, 0x08, 0x47, 0xac, 0xe3, 0xad, 0x1a, 0x4e,
    0x83, 0xc1, 0xaa, 0x05, 0x81, 0xa7, 0x5b, 0xc6, 0x92, 0xea, 0x52, 0xf2, 0xc8, 0x90, 0xde, 0x21,
    0x8a, 0xc6, 0x77, 0xca, 0x7c, 0x87, 0x4a, 0xcf, 0x38, 0x87, 0x29, 0xd1, 0x60, 0xd2, 0x21, 0x17,
    0x7b, 0x9b, 0x85, 0x48, 0x76, 0xf1, 0x60, 0xd0, 0x0a, 0x94, 0x26, 0x52, 0xd3, 0x34, 0x2e, 0xa8,
    0x34, 0x4e, 0x84, 0x27, 0xd4, 0x38, 0x78, 0x2e, 0x87, 0x2b, 0xa5, 0xd6, 0x82, 0xab, 0xf8, 0xb2,
    0x94, 0xa4, 0x1f, 0x16, 0x52, 0x68, 0xa1, 0xfb, 0x05, 0x0d, 0x55, 0xc6, 0xc0, 0x2f, 0x21, 0x59,
    0xe6, 0xa0, 0xbf, 0x28, 0xa9, 0xec, 0x6f, 0xd1, 0x8c, 0x26, 0x5a, 0xc8, 0xcb, 0x60, 0x45, 0x9f,
    0x9a, 0x68, 0xcd, 0x5a, 0xa2, 0x9f, 0x21, 0x8c, 0x83, 0x94, 0xf4, 0xdf, 0x0d, 0x24, 0x00, 0x19,
    0xc0, 0x68, 0x65, 0xd2, 0xaa, 0xc6, 0x24, 0x2b, 0xe8, 0x99, 0x2b, 0x82, 0x2d, 0x80, 0x7f, 0x9b,
    0xe8, 0xdd, 0xb0, 0x93, 0x09, 0x21, 0x3d, 0x6f, 0x21, 0xc7, 0x66, 0x95, 0x3d, 0xbe, 0xb0, 0xd6,
    0x6a, 0xb5, 0xf0, 0x70, 0x0a, 0x56, 0x90, 0xd4, 0xeb, 0x4d, 0x81, 0xb6, 0xb4, 0x64, 0xbc, 0x0b,
    0x86, 0x10, 0xec, 0x5b, 0x66, 0x8b, 0x77, 0x31, 0x40, 0x2d, 0x54, 0xdb, 0x60, 0x71, 0xf5, 0x5d,
    0x9d, 0xb4, 0x3d, 0x6a, 0x6b, 0xbb, 0x6f, 0x5a, 0x90, 0xc6, 0x9c, 0xee, 0x35, 0xae, 0x11, 0x4d,
    0x3d, 0x67, 0xf6, 0x2f, 0xb6, 0xdb, 0x10, 0xe8, 0xbc, 0x0d, 0x17, 0x55, 0xf0, 0xa9, 0xe9, 0xf8,
    0xdd, 0xed, 0xab, 0xd7, 0xcb, 0x2c, 0xbb, 0x47, 0x89, 0xf4, 0xb0, 0x8f, 0x9a, 0xc8, 0x37, 0x1c,
    0x26, 0x4b, 0xb7, 0x05, 0xd7, 0x90, 0x99, 0xbf, 0xb6, 0xb8, 0x64, 0xd1, 0x31, 0xd8, 0xb7, 0xe7,
    0xed, 0x37, 0x4c, 0xd1, 0xed, 0xc2, 0x47, 0xa7, 0xb0, 0x18, 0x2f, 0x35, 0x35, 0x4b, 0x33, 0xfa,
    0xca, 0xd6, 0xd9, 0x6d, 0xe9, 0x91, 0xac, 0xa4, 0x78, 0xbf, 0xd6, 0xfe, 0x10, 0xb2, 0xdb, 0x24,
    0x50, 0xda, 0xe9, 0x5c, 0xec, 0xd8, 0x05, 0xbc, 0xef, 0x9e, 0x61, 0x92, 0x11, 0xa5, 0x6e, 0x31,
    0xa5, 0x43, 0x2d, 0xba, 0xdd, 0x8c, 0x7a, 0xc8, 0x01, 0xc2, 0x2c, 0x04, 0xd5, 0x09, 0xac, 0x3c,
    0x27, 0x67, 0xd0, 0x76, 0xd1, 0xc6, 0xc3, 0x71, 0x1c, 0xbb, 0x90, 0x43, 0x1c, 0xcd, 0xce, 0xc7,
    0x19, 0x62, 0x4a, 0x9a, 0x8b, 0x5e, 0x3d, 0x26, 0x20, 0xcd, 0x52, 0x4b, 0x32, 0x28, 0x69, 0x55,
    0x0c, 0x9b, 0x94, 0x0a, 0x6d, 0xb8, 0x18, 0xa1, 0xc8, 0xfd, 0x05, 0x3e, 0x57, 0x4b, 0xa5, 0x45,
    0xfe, 0x09, 0xc9, 0x58, 0xca, 0x74, 0xdf, 0x43, 0x30, 0x63, 0x6f, 0x97, 0xff, 0x72, 0x2e, 0x65,
    0x01, 0xf9, 0xd3, 0xeb, 0x52, 0xe4, 0x73, 0xa5, 0x86, 0x71, 0xae, 0x13, 0x8b, 0x81, 0xda, 0x84,
    0xea, 0xfb, 0xe6, 0x56, 0x9d, 0xc1, 0xa1, 0x51, 0x14, 0xd7, 0xa9, 0x90, 0xa9, 0x9b, 0x5c, 0xd3,
    0x2e, 0xf4, 0xcc, 0xd1, 0x1b, 0x0c, 0xec, 0x73, 0x63, 0xad, 0x7a, 0xb9, 0xd4, 0xfe, 0x70, 0xbd,
    0xb5, 0x84, 0xdf, 0xf8, 0xd9, 0x9f, 0xe3, 0xbf, 0x7f, 0x38, 0xfe, 0xfa, 0xb7, 0xc6, 0xda, 0xc9,
    0x5f, 0x8f, 0x8d, 0x73, 0xe3, 0xd5, 0xa3, 0xaf, 0x46, 0x0f, 0x5f, 0x8c, 0x1e, 0x1e, 0x1e, 0x1f,
    0x7e, 0x3f, 0xfa, 0xf1, 0x8f, 0x7f, 0xbe, 0x7c, 0xf0, 0x5e, 0x92, 0x58, 0x56, 0x32, 0xa7, 0x8f,
    0x55, 0x85, 0x6b, 0xd3, 0x3a, 0x93, 0x0d, 0xdf, 0xae, 0x9d, 0xff, 0x60, 0xdd, 0x8c, 0xe6, 0xe2,
    0x40, 0x0c, 0x57, 0x1c, 0x3c, 0x49, 0xd3, 0xcd, 0x1e, 0x68, 0xb3, 0x61, 0x43, 0x39, 0x54, 0x09,
    0x31, 0x5e, 0x94, 0x1a, 0x05, 0xb5, 0x4b, 0xe3, 0x74, 0x9f, 0xab, 0x19, 0xa8, 0x35, 0x19, 0x1b,
    0xda, 0x67, 0xa9, 0xc0, 0x62, 0xd8, 0x04, 0x04, 0xf3, 0xf3, 0xb9, 0xb0, 0x46, 0x72, 0x5c, 0x82,
    0xaf, 0x1d, 0xba, 0xa8, 0x7e, 0xe0, 0xec, 0x6f, 0xf4, 0xdf, 0x87, 0x73, 0x78, 0xc6, 0xb1, 0x7c,
    0x53, 0x9e, 0x6a, 0x97, 0x75, 0xcc, 0xbd, 0x33, 0x13, 0xc8, 0x5a, 0x27, 0xea, 0x2a, 0x69, 0xee,
    0x8c, 0x65, 0xf9, 0x5c, 0x23, 0x7d, 0x1c, 0x80, 0x26, 0x83, 0xb8, 0xc5, 0x06, 0x28, 0x04, 0x89,
    0xf3, 0x2a, 0xf4, 0x05, 0x61, 0x0d, 0xe6, 0x17, 0x2a, 0x59, 0x3d, 0x65, 0x75, 0x8a, 0xea, 0x43,
    0xdc, 0x60, 0x3d, 0x68, 0x05, 0x2d, 0x77, 0x3b, 0x34, 0x2d, 0xa9, 0xa8, 0x2e, 0x27, 0xff, 0x7b,
    0xa8, 0x1c, 0x9d, 0xe5, 0x75, 0x63, 0x9a, 0xe6, 0x30, 0xfa, 0xf0, 0xbb, 0x54, 0x3e, 0x8d, 0x03,
    0x28, 0x42, 0x55, 0xe5, 0xa1, 0xeb, 0x47, 0x15, 0xf7, 0x4d, 0x8e, 0xe2, 0x1c, 0xdf, 0x77, 0x27,
    0xaf, 0x38, 0xda, 0x63, 0x3c, 0x15, 0x7b, 0xa1, 0x2a, 0x77, 0x72, 0xa6, 0xb7, 0xcd, 0x77, 0xcf,
    0xc7, 0xa6, 0x1d, 0xf1, 0x14, 0xb0, 0x2a, 0x82, 0x51, 0xb7, 0x55, 0xf7, 0x0e, 0x50, 0x85, 0x90,
    0x7a, 0x3a, 0x97, 0xb8, 0xfa, 0x5c, 0x69, 0x74, 0x48, 0xa6, 0xe8, 0xe4, 0x3a, 0x4c, 0x04, 0xef,
    0x30, 0x99, 0x7b, 0xe8, 0xd5, 0x2f, 0x4f, 0xc7, 0x4f, 0x7f, 0x1d, 0x3d, 0x7a, 0x70, 0x7c, 0xff,
    0xa7, 0xf1, 0xc1, 0x93, 0xe3, 0xef, 0x7e, 0x1f, 0xbd, 0x3c, 0x18, 0x1d, 0xbe, 0x18, 0x1f, 0x3c,
    0x6f, 0x20, 0xbf, 0x5e, 0x7b, 0x03, 0x9c, 0x91, 0x04, 0x48, 0x6e, 0xa3, 0x00, 0x35, 0x10, 0x5c,
    0x7a, 0x27, 0x47, 0xdf, 0x40, 0x2b, 0xfd, 0xf6, 0xc9, 0xd1, 0xb7, 0x27, 0x47, 0x3f, 0x23, 0x7c,
    0xee, 0x9c, 0x80, 0x6b, 0x7f, 0x42, 0x6a, 0x18, 0xad, 0x0c, 0x31, 0x14, 0x64, 0xe3, 0x42, 0xf5,
    0xc9, 0xf7, 0x2f, 0x68, 0x7b, 0xb8, 0xc0,
};

const uint8_t kSingleOutputForm[] = {
    0x78, 0xda, 0xcd, 0x5a, 0xeb, 0x6f, 0xd4, 0xd8, 0x15, 0xff, 0xbe, 0x7f, 0xc5, 0x64, 0xb4, 0x1d,
    0xdb, 0x4c, 0x32, 0x8f, 0xa0, 0xa0, 0xd5, 0x24, 0x4e, 0xd4, 0x02, 0x95, 0x56, 0xa2, 0xdb, 0x4a,
    0x59, 0xed, 0x17, 0xa0, 0xc8, 0x19, 0xdf, 0x10, 0x0b, 0x8f, 0x3d, 0xb5, 0x3d, 0x40, 0x4a, 0x22,
    0x85, 0x5d, 0x20, 0x09, 0x1b, 0x1a, 0xca, 0x63, 0x29, 0x8f, 0xf2, 0x52, 0xb7, 0x4b, 0xab, 0xee,
    0x90, 0xdd, 0x65, 0x81, 0x85, 0x10, 0xa4, 0xfe, 0x29, 0x80, 0x67, 0x26, 0x9f, 0xf8, 0x17, 0x7a,
    0xee, 0xcb, 0x63, 0xcf, 0xf8, 0x45, 0x12, 0x2a, 0xe6, 0x43, 0xe2, 0xb9, 0xf7, 0xdc, 0x73, 0xcf,
    0x3d, 0x8f, 0xdf, 0x39, 0xe7, 0x7a, 0x3e, 0xca, 0x84, 0x7c, 0xc6, 0x8a, 0xaa, 0x76, 0x7c, 0xfc,
    0xa3, 0xfe, 0x61, 0x1b, 0x55, 0x1d, 0xcd, 0x34, 0x42, 0xa6, 0x60, 0x41, 0xa6, 0xaa, 0x2b, 0xb6,
    0x2d, 0x67, 0x6d, 0xcd, 0x38, 0xaa, 0xa3, 0x21, 0xb3, 0xe1, 0xd4, 0x1b, 0xce, 0xd0, 0x09, 0xd3,
    0x3a, 0x66, 0xd7, 0x95, 0x2a, 0xca, 0xf6, 0xaf, 0x22, 0x2b, 0xa7, 0x35, 0xa4, 0xab, 0x36, 0x72,
    0xc2, 0x97, 0xd7, 0x4c, 0x15, 0x0d, 0x1d, 0xb5, 0xcc, 0x46, 0x3d, 0x62, 0x3d, 0xe1, 0xa1, 0xa3,
    0xa3, 0xc8, 0x50, 0xc7, 0x87, 0x0b, 0x99, 0xcd, 0x85, 0xe5, 0xd6, 0xd7, 0xff, 0x72, 0x4f, 0xdf,
    0x6a, 0x7d, 0x7f, 0xbf, 0xf5, 0xcd, 0x2f, 0xee, 0xfa, 0xea, 0x58, 0x91, 0xcd, 0x46, 0x2f, 0x8f,
    0x14, 0x1e, 0xef, 0x6e, 0xc7, 0x6c, 0x4c, 0x37, 0x57, 0xa6, 0x90, 0x1e, 0xbe, 0xde, 0xac, 0x63,
    0x75, 0x25, 0x30, 0x20, 0x4c, 0x34, 0x03, 0xe8, 0x33, 0xce, 0x6c, 0x1d, 0xc9, 0x59, 0x4b, 0x51,
    0x35, 0x33, 0x9b, 0x31, 0x94, 0x1a, 0x7c, 0x71, 0x14, 0xeb, 0x28, 0x72, 0x8e, 0x60, 0x49, 0xb2,
    0x99, 0xe3, 0x8a, 0xde, 0xc0, 0x63, 0x5a, 0x0d, 0xbe, 0x54, 0x67, 0x50, 0xf5, 0x18, 0x52, 0x53,
    0x30, 0x07, 0xfd, 0x1b, 0x31, 0xea, 0xad, 0x2a, 0x96, 0x9a, 0x1d, 0x1f, 0x9b, 0x1a, 0x6f, 0xad,
    0x2c, 0xb7, 0xae, 0x3d, 0xde, 0xbc, 0xfa, 0x72, 0xac, 0x38, 0x35, 0x3e, 0x66, 0xd7, 0x14, 0x5d,
    0x1f, 0x6f, 0xff, 0xb8, 0xd1, 0xbe, 0xd7, 0x74, 0x97, 0xd6, 0xda, 0xdf, 0x5d, 0x02, 0x07, 0x20,
    0x63, 0xf0, 0x1f, 0x38, 0x26, 0xa8, 0xa5, 0x48, 0xf4, 0xf2, 0xc1, 0xe9, 0xee, 0xb8, 0xa9, 0x37,
    0x6a, 0x28, 0xbb, 0xc3, 0x5a, 0x5b, 0x7b, 0xb4, 0xb9, 0xb8, 0xea, 0xd3, 0x5a, 0xeb, 0xe7, 0xd3,
    0x30, 0xd0, 0x69, 0xde, 0x7b, 0xb3, 0xbe, 0xd6, 0x6e, 0x5e, 0xdb, 0x51, 0xc5, 0x45, 0x44, 0x27,
    0x9d, 0xe2, 0xd1, 0x14, 0x31, 0x1f, 0xe9, 0xe9, 0x48, 0xd5, 0x1c, 0xd3, 0xca, 0x26, 0x04, 0x89,
    0xa6, 0x7a, 0xeb, 0xb0, 0x0f, 0x0e, 0x51, 0x05, 0x67, 0xc3, 0x59, 0xb2, 0xc9, 0xad, 0x7b, 0x00,
    0x65, 0x30, 0x44, 0x28, 0xb2, 0x99, 0x69, 0xd3, 0xf2, 0x08, 0xd4, 0x86, 0xa5, 0x60, 0xef, 0x18,
    0x72, 0xd0, 0x49, 0xd8, 0xc1, 0x5d, 0x7c, 0x06, 0x16, 0xe0, 0xae, 0x9b, 0xc6, 0xef, 0x22, 0xf5,
    0x40, 0xbc, 0x64, 0xc8, 0x32, 0x4f, 0xa4, 0xf1, 0x90, 0xa9, 0x86, 0xe3, 0x98, 0x06, 0xf3, 0x3c,
    0xfa, 0x25, 0x42, 0x17, 0xb6, 0x83, 0xea, 0x75, 0x64, 0x65, 0x33, 0xaa, 0xe2, 0x28, 0x5d, 0xf1,
    0x55, 0xa4, 0x3b, 0x8a, 0x9c, 0x1d, 0x2a, 0x67, 0x33, 0x8a, 0xa5, 0x29, 0xf4, 0xa8, 0x72, 0xd6,
    0x5d, 0x5c, 0x75, 0xd7, 0xfe, 0x9a, 0x29, 0x67, 0x20, 0xe6, 0xb2, 0xe3, 0xaf, 0x96, 0x20, 0xf0,
    0x28, 0xf7, 0x14, 0x32, 0xc5, 0x9f, 0x2c, 0xc5, 0xa9, 0x7c, 0x21, 0xe5, 0x33, 0x77, 0x50, 0xe3,
    0xe1, 0x3b, 0x78, 0x34, 0x64, 0x75, 0x96, 0xe9, 0x85, 0x2e, 0x60, 0xd1, 0x57, 0x2a, 0x55, 0x4a,
    0xe5, 0x4a, 0xa9, 0x94, 0xcd, 0x10, 0x1a, 0x1c, 0x48, 0x72, 0xd6, 0x80, 0x80, 0xb4, 0xb4, 0x6a,
    0x36, 0x53, 0x53, 0x4e, 0xea, 0xc8, 0x38, 0xea, 0xcc, 0xc8, 0xd9, 0x4f, 0x40, 0x23, 0x0d, 0xc7,
    0xac, 0x9a, 0xb5, 0xba, 0x8e, 0x1c, 0x20, 0x32, 0xa7, 0xa7, 0xb3, 0x19, 0xbb, 0x8e, 0x74, 0x9d,
    0xe0, 0x9e, 0x9c, 0x9d, 0x56, 0x74, 0x1b, 0x31, 0xbd, 0x01, 0x4a, 0x57, 0x2d, 0x6d, 0x0a, 0xa9,
    0x53, 0xb3, 0xfd, 0x12, 0xcf, 0x20, 0xbd, 0xbe, 0xfd, 0x73, 0x43, 0xea, 0x33, 0x0d, 0xd5, 0xe6,
    0xa7, 0x9a, 0xd1, 0x54, 0x15, 0x19, 0x1c, 0x68, 0x38, 0xd5, 0x11, 0x8f, 0x8a, 0x9d, 0x77, 0x4f,
    0x29, 0x8d, 0x1f, 0x45, 0x07, 0xf4, 0x7b, 0x71, 0xb7, 0x5e, 0x6f, 0xbb, 0x7f, 0xdb, 0x3d, 0x7f,
    0x97, 0x7b, 0x5b, 0x3e, 0x9d, 0xaf, 0xa5, 0x90, 0x99, 0x42, 0x61, 0xa8, 0x32, 0x89, 0x49, 0xc2,
    0x45, 0xa7, 0xd6, 0x72, 0x57, 0x1f, 0x76, 0x36, 0x2e, 0xbb, 0x67, 0xbf, 0x85, 0xa0, 0xae, 0xb8,
    0x4b, 0xe7, 0x2a, 0x20, 0x5b, 0x6b, 0xe9, 0x9b, 0xd6, 0xc2, 0x73, 0xfc, 0x70, 0x75, 0xed, 0xed,
    0xfa, 0xca, 0x9b, 0x5f, 0xee, 0x00, 0x15, 0x80, 0x2f, 0x95, 0xdc, 0xdd, 0x68, 0x76, 0xd6, 0xbe,
    0x7a, 0xbd, 0xf0, 0x25, 0xc7, 0xda, 0x2d, 0x02, 0x40, 0xdd, 0x42, 0x00, 0x9f, 0x76, 0x8f, 0x8a,
    0x9e, 0x3e, 0x6d, 0x5f, 0x79, 0x40, 0x01, 0x66, 0xcb, 0xc0, 0x10, 0xb0, 0x05, 0x75, 0x8d, 0x72,
    0x06, 0xce, 0xb6, 0x79, 0xe9, 0xce, 0x3b, 0xc4, 0x77, 0x1a, 0xd6, 0xbb, 0x21, 0xc0, 0xc6, 0x47,
    0xde, 0x0f, 0xef, 0x3d, 0x98, 0x77, 0xb9, 0xf4, 0x7e, 0x98, 0x97, 0x3f, 0xc1, 0xdc, 0x77, 0xbf,
    0x1b, 0xf7, 0x04, 0x57, 0x4c, 0x9a, 0xee, 0xc9, 0x6b, 0xb4, 0x3e, 0x48, 0x95, 0xd9, 0x32, 0x14,
    0x04, 0xde, 0x47, 0x82, 0x63, 0x52, 0x50, 0x20, 0x1d, 0x6f, 0xdf, 0x6c, 0xb6, 0xee, 0x2e, 0xf2,
    0x22, 0xe3, 0xc3, 0xcf, 0x6f, 0x4c, 0x7a, 0x9e, 0xdd, 0x4a, 0x85, 0xf0, 0xfc, 0x06, 0xe3, 0x19,
    0xf7, 0xc2, 0xe2, 0x07, 0x92, 0xe1, 0x02, 0x2a, 0x67, 0x67, 0x86, 0xcc, 0x34, 0x85, 0x4f, 0x15,
    0x28, 0x27, 0x75, 0xcd, 0x41, 0x16, 0x00, 0x44, 0x4d, 0x03, 0x8f, 0x25, 0x67, 0xc3, 0xa7, 0x67,
    0x8f, 0x0c, 0xf7, 0x47, 0x0a, 0xc1, 0x14, 0xa7, 0xa2, 0xaa, 0x06, 0xa8, 0x04, 0xfa, 0xd1, 0x6c,
    0x65, 0x4a, 0x4f, 0x53, 0xb5, 0x27, 0xd4, 0xa0, 0x0d, 0x43, 0x03, 0xcf, 0x38, 0x90, 0xa6, 0xa2,
    0xfc, 0x7f, 0xe4, 0x98, 0xa0, 0xc9, 0xfb, 0x2d, 0x4e, 0x73, 0x8c, 0x67, 0xf1, 0x1d, 0xcf, 0x32,
    0x31, 0xb9, 0x04, 0xd7, 0xe7, 0xbc, 0x1c, 0xef, 0x9c, 0x59, 0x76, 0xcf, 0xfd, 0x48, 0x8b, 0x72,
    0xc8, 0x21, 0xad, 0x2b, 0x90, 0x40, 0x4e, 0x13, 0xb1, 0x0e, 0x64, 0x5a, 0xdf, 0x7f, 0xdb, 0x79,
    0x79, 0xf3, 0xfd, 0x66, 0x10, 0x12, 0xc2, 0xdb, 0xcb, 0x20, 0x54, 0xd3, 0x38, 0x8b, 0x43, 0xfa,
    0x38, 0xb0, 0x23, 0x00, 0xcc, 0x59, 0x8e, 0xe0, 0xac, 0xb1, 0xb3, 0x2c, 0xcb, 0x34, 0x5b, 0xec,
    0x2c, 0xd3, 0x61, 0x60, 0x3a, 0x9c, 0x9a, 0xe9, 0x36, 0xf3, 0x43, 0xdd, 0x0f, 0x12, 0xbc, 0x5b,
    0xb2, 0xa1, 0xfd, 0x51, 0x1c, 0x14, 0x11, 0x1a, 0xdd, 0x69, 0x96, 0x21, 0xc6, 0x8a, 0xf5, 0xa8,
    0x86, 0x2d, 0xe2, 0xa6, 0x25, 0x7c, 0x38, 0x4c, 0x16, 0xc3, 0x8c, 0x94, 0x83, 0x4c, 0x85, 0x6f,
    0x1e, 0xed, 0xbe, 0x76, 0x63, 0xaa, 0xa6, 0x45, 0xb5, 0x6d, 0x14, 0x90, 0xfa, 0x85, 0xb0, 0x1b,
    0xb5, 0x9a, 0x62, 0xcd, 0x46, 0x41, 0x05, 0x9b, 0x8d, 0xed, 0x7f, 0xfb, 0x11, 0x39, 0x28, 0x10,
    0x73, 0x08, 0xfe, 0x8d, 0x01, 0xad, 0xbb, 0xbe, 0xe0, 0x7e, 0xf7, 0x35, 0x6d, 0x00, 0xb3, 0xe9,
    0x15, 0x59, 0x84, 0x64, 0x5b, 0x0b, 0x19, 0xc7, 0x6d, 0x44, 0x3d, 0xa4, 0x79, 0x16, 0xa7, 0x1b,
    0x06, 0xb9, 0xfa, 0x12, 0xa5, 0x53, 0xa1, 0xd2, 0x1f, 0x57, 0x2c, 0x9c, 0xc0, 0x6b, 0xb2, 0x6a,
    0x56, 0xc1, 0x47, 0x0d, 0xa7, 0x00, 0xa9, 0x62, 0xbf, 0x8e, 0xf0, 0xe3, 0x6f, 0x66, 0x3f, 0x55,
    0x45, 0x21, 0x78, 0x28, 0x4c, 0x2b, 0x48, 0xa3, 0xa1, 0xbc, 0xb4, 0x69, 0x71, 0x00, 0xcf, 0x4b,
    0x16, 0x72, 0x1a, 0x96, 0x31, 0x1a, 0xb9, 0x21, 0xee, 0xc1, 0xff, 0xa0, 0x18, 0x80, 0x2f, 0x49,
    0xbb, 0xfa, 0xba, 0xf5, 0xa8, 0x5d, 0x31, 0x43, 0x1a, 0x60, 0xe9, 0x58, 0x06, 0x0a, 0xa5, 0x38,
    0xa6, 0xbc, 0xbc, 0xfb, 0x1c, 0x1a, 0xc1, 0x44, 0xae, 0x81, 0x3e, 0x33, 0x0d, 0xd7, 0x49, 0xda,
    0x71, 0xa5, 0x67, 0xcc, 0x5a, 0xb4, 0x64, 0x35, 0x7c, 0x8a, 0xfd, 0x31, 0xad, 0x1a, 0x88, 0xf3,
    0xc6, 0xf1, 0xe4, 0x98, 0x90, 0xd6, 0x41, 0x38, 0x7d, 0x1c, 0x4f, 0x1c, 0xdf, 0x69, 0xf9, 0x61,
    0xda, 0x38, 0x5e, 0x2c, 0x46, 0xd3, 0xb2, 0x63, 0xe4, 0xf1, 0x1c, 0x71, 0xa4, 0xa6, 0x67, 0x88,
    0xa9, 0xe3, 0xf8, 0xd5, 0x94, 0x93, 0x5a, 0xad, 0x51, 0xdb, 0xc7, 0xbb, 0x85, 0xcf, 0x48, 0x71,
    0x26, 0xe2, 0x48, 0x29, 0xe0, 0xf4, 0x00, 0x49, 0xb7, 0x00, 0x34, 0xfb, 0x82, 0x8e, 0x21, 0xcd,
    0xcd, 0x95, 0x12, 0x79, 0x7e, 0x41, 0x13, 0x4b, 0x04, 0x47, 0x3a, 0x7b, 0x80, 0x94, 0x7d, 0x31,
    0xec, 0xba, 0x4e, 0x83, 0x17, 0xc9, 0x93, 0x8e, 0x05, 0x07, 0x14, 0x03, 0x3b, 0x44, 0x9c, 0x8e,
    0x83, 0x4b, 0xc6, 0x46, 0x3a, 0xaa, 0x3a, 0x48, 0x15, 0x71, 0xc1, 0x29, 0x9d, 0xa2, 0xf1, 0x4f,
    0x70, 0xa5, 0xf0, 0xa7, 0x06, 0xb2, 0x66, 0x27, 0xc9, 0xbc, 0x69, 0x89, 0x02, 0xf1, 0xb7, 0x83,
    0xb4, 0x2e, 0x15, 0xf2, 0xf8, 0x7f, 0x5e, 0xc8, 0x1e, 0xae, 0xb0, 0x3b, 0x61, 0x41, 0x9a, 0x8f,
    0xdf, 0xa8, 0xae, 0xa8, 0x22, 0x41, 0x50, 0x6f, 0x13, 0x26, 0x2e, 0x1d, 0x2c, 0xc0, 0xfc, 0x24,
    0x44, 0xb6, 0x23, 0x0e, 0x0f, 0x0a, 0xa5, 0x44, 0x6e, 0x58, 0x40, 0xc5, 0xd9, 0xab, 0x9b, 0xd5,
    0x63, 0x22, 0x0b, 0x2f, 0xe9, 0x14, 0x7b, 0x90, 0x7f, 0xa7, 0x38, 0x33, 0x58, 0x21, 0x62, 0x69,
    0x90, 0x3c, 0x5a, 0x66, 0xc3, 0x50, 0x45, 0xa6, 0x6a, 0xbb, 0x6b, 0x24, 0x49, 0x1a, 0x65, 0xa2,
    0x60, 0xe1, 0x08, 0xe9, 0xb4, 0x6e, 0x9a, 0x1e, 0x4d, 0x71, 0x37, 0xb4, 0x9e, 0x92, 0x94, 0x17,
    0x2a, 0x42, 0x3e, 0x9c, 0xe2, 0x57, 0x98, 0xa2, 0xb8, 0xc7, 0x4f, 0xc4, 0x67, 0x60, 0x30, 0xd5,
    0x19, 0xb8, 0xf3, 0x6c, 0xeb, 0x18, 0x80, 0xdf, 0x6c, 0x60, 0x0c, 0xf6, 0x65, 0x87, 0x62, 0x23,
    0x79, 0x01, 0x5f, 0x56, 0x08, 0xa3, 0xd8, 0xf9, 0x66, 0xcc, 0x86, 0xc5, 0x18, 0x87, 0x9c, 0x74,
    0x10, 0xfa, 0x8b, 0x86, 0x83, 0xc2, 0x08, 0xbc, 0x83, 0x0e, 0x42, 0xa9, 0xe9, 0xc8, 0xdd, 0x43,
    0xe2, 0xad, 0x07, 0x08, 0x5b, 0xbe, 0x2d, 0x26, 0x98, 0x60, 0x9c, 0x60, 0x6f, 0xe8, 0xab, 0x33,
    0x42, 0x1e, 0x0f, 0x32, 0x41, 0x2a, 0x81, 0x39, 0xe8, 0xb9, 0xa9, 0x68, 0x18, 0x7d, 0x65, 0xc2,
    0x08, 0x4f, 0xac, 0xad, 0xb6, 0xae, 0x3d, 0x16, 0x30, 0x73, 0x46, 0x2d, 0xe1, 0xf9, 0xbc, 0x2c,
    0x00, 0xaf, 0xc0, 0x7a, 0x42, 0x83, 0xb9, 0xfb, 0x08, 0x7c, 0x9b, 0x71, 0x03, 0xe3, 0xc9, 0x44,
    0x07, 0xb5, 0x6c, 0x44, 0x3d, 0x8a, 0xf9, 0x29, 0x4d, 0xf8, 0x7e, 0x37, 0x9d, 0x9b, 0x13, 0x04,
    0xa9, 0x00, 0x03, 0x35, 0x51, 0x22, 0x52, 0x73, 0x5b, 0x11, 0x3d, 0x14, 0xff, 0x78, 0x48, 0xcd,
    0x7f, 0x5c, 0x2c, 0x80, 0x70, 0x0e, 0xe3, 0xd1, 0xb5, 0x26, 0xb3, 0x1b, 0x1d, 0x9e, 0x47, 0xba,
    0x8d, 0x4e, 0x51, 0x38, 0x70, 0xaa, 0x33, 0x32, 0x19, 0x2d, 0x90, 0x67, 0xe0, 0x22, 0x1e, 0x52,
    0x4f, 0x95, 0x07, 0x87, 0xe7, 0xa5, 0x8a, 0x78, 0xb0, 0x34, 0x34, 0x72, 0xf8, 0x90, 0xea, 0x7b,
    0xfa, 0xb8, 0x48, 0xcc, 0x3d, 0x40, 0x88, 0xb9, 0xce, 0x4b, 0xa3, 0x3d, 0xdb, 0x90, 0xd9, 0x83,
    0xe5, 0xc3, 0xd2, 0x2e, 0x6c, 0xb8, 0x7c, 0x60, 0x74, 0x18, 0x46, 0xf7, 0xf4, 0x8c, 0xed, 0x3e,
    0x2c, 0xcd, 0x07, 0xdd, 0x66, 0x5c, 0x2e, 0xe7, 0x72, 0xdc, 0xa9, 0xe4, 0x1e, 0x24, 0x9c, 0x60,
    0x13, 0x95, 0xd2, 0x7c, 0x12, 0xbc, 0xa4, 0x71, 0xf0, 0x32, 0x75, 0x70, 0x30, 0xac, 0xd8, 0xb3,
    0x51, 0x92, 0xe7, 0x4b, 0xa3, 0xfe, 0x5c, 0x5f, 0xa0, 0x16, 0x0b, 0x03, 0x87, 0xd1, 0x9e, 0xec,
    0x5d, 0x08, 0x18, 0x97, 0x53, 0x25, 0x9c, 0x86, 0x02, 0xee, 0xe7, 0x90, 0x4f, 0x66, 0x6c, 0x51,
    0x22, 0xf6, 0xa3, 0x6c, 0xb8, 0x71, 0x7d, 0x80, 0x4c, 0x0d, 0x3d, 0xe8, 0x10, 0x62, 0xd9, 0x77,
    0x0c, 0x32, 0xb1, 0xab, 0x5c, 0xf2, 0xc0, 0x87, 0x0c, 0x8c, 0xcb, 0xd0, 0x12, 0xe6, 0x72, 0xe4,
    0xd9, 0x53, 0x37, 0x85, 0xf0, 0x5c, 0x8e, 0xac, 0x56, 0xa6, 0x6c, 0x6f, 0xed, 0x10, 0x65, 0x2b,
    0x8d, 0x95, 0x0a, 0x25, 0xfc, 0x29, 0x4f, 0xd0, 0x81, 0x34, 0xf6, 0xa0, 0x4c, 0xbb, 0x3e, 0x8e,
    0x43, 0xaf, 0x2b, 0x63, 0xb8, 0x39, 0xe8, 0x1a, 0xd8, 0xd8, 0x6f, 0x0f, 0x31, 0xe0, 0xd2, 0xd8,
    0x1c, 0xf8, 0x54, 0x60, 0x92, 0x3e, 0x35, 0xc8, 0x22, 0xdd, 0xa2, 0x08, 0xf3, 0x05, 0xc7, 0xfc,
    0xad, 0x76, 0x12, 0x12, 0x4e, 0x39, 0x49, 0xdb, 0x7f, 0x36, 0x0d, 0xf4, 0x19, 0xa4, 0x19, 0x11,
    0x3f, 0x50, 0x49, 0x69, 0x6b, 0x8b, 0xbf, 0xe7, 0x72, 0xf8, 0x6f, 0xa1, 0xaa, 0x9b, 0x36, 0x8e,
    0x36, 0x81, 0xcc, 0x08, 0xd2, 0x20, 0xc9, 0x4f, 0xe4, 0x4b, 0x2e, 0x47, 0xfe, 0xf5, 0xa6, 0xb1,
    0x29, 0xc1, 0x53, 0x3c, 0xa6, 0x9d, 0xc0, 0x7f, 0x0a, 0x18, 0x1e, 0xf6, 0x9a, 0x06, 0x96, 0xb2,
    0x22, 0xb4, 0x96, 0x17, 0xf0, 0x3b, 0xdd, 0xb5, 0x47, 0x9d, 0x27, 0x0f, 0x85, 0x04, 0x19, 0x1b,
    0x75, 0xc8, 0xda, 0x28, 0xaa, 0x44, 0xf7, 0x72, 0x3e, 0xbe, 0x91, 0xf1, 0x32, 0xad, 0xe0, 0x7b,
    0x49, 0x18, 0x55, 0x7d, 0xf0, 0x95, 0xf8, 0x90, 0xbe, 0x95, 0xf8, 0xeb, 0x11, 0x4d, 0x4d, 0x5a,
    0x35, 0x35, 0xcb, 0xca, 0x0b, 0xbc, 0x45, 0x2e, 0x87, 0xff, 0x32, 0x43, 0xc8, 0xb2, 0x40, 0xad,
    0x23, 0xc4, 0x73, 0xe0, 0x21, 0xea, 0x03, 0xc5, 0xfe, 0x40, 0x4b, 0x90, 0x82, 0xb9, 0x55, 0x30,
    0x68, 0xa2, 0x97, 0x78, 0xad, 0x45, 0x81, 0xb6, 0xb0, 0x32, 0x3f, 0x45, 0xcc, 0x2e, 0xdd, 0xe6,
    0x81, 0x2f, 0x1a, 0x48, 0x5e, 0xd5, 0x8b, 0x04, 0xfc, 0x82, 0x2c, 0xf5, 0x86, 0xd4, 0xb3, 0xbd,
    0x65, 0xef, 0xb0, 0x25, 0xd1, 0x1d, 0xc4, 0xe0, 0xde, 0x86, 0xed, 0x98, 0xb5, 0x2f, 0x14, 0x5d,
    0x53, 0x35, 0x67, 0x56, 0xf4, 0x38, 0xe4, 0x72, 0x03, 0x4c, 0xf3, 0x13, 0x42, 0xe7, 0xe1, 0x13,
    0xf6, 0x42, 0xe2, 0xd6, 0x72, 0xeb, 0xea, 0x12, 0x7d, 0x15, 0xf0, 0x76, 0x7d, 0xc5, 0x5d, 0x7d,
    0xf8, 0xe6, 0xc5, 0x4b, 0xfa, 0x72, 0x20, 0xea, 0x45, 0xc5, 0xd3, 0x2b, 0x6f, 0x9e, 0x5e, 0xe8,
    0x7c, 0xf5, 0xa2, 0xf3, 0xf8, 0x6c, 0xe7, 0xe5, 0x62, 0xfb, 0xa7, 0xe7, 0xed, 0xe7, 0x77, 0xde,
    0x3c, 0x3d, 0xbf, 0x79, 0xfd, 0xe2, 0xeb, 0x85, 0x2f, 0xa1, 0x52, 0x89, 0x75, 0x20, 0xdf, 0x19,
    0xfb, 0x45, 0xf5, 0x49, 0x4a, 0xed, 0xeb, 0x13, 0x34, 0x70, 0xab, 0xc5, 0x64, 0xe8, 0x13, 0xa0,
    0x7d, 0xe3, 0x0c, 0xbd, 0x93, 0x4a, 0x96, 0xa4, 0x5b, 0xd5, 0x48, 0xa9, 0xd0, 0x3b, 0x9a, 0x13,
    0x6f, 0x6d, 0xb8, 0x97, 0x38, 0x56, 0x03, 0xa5, 0xa0, 0x26, 0x57, 0x0b, 0x18, 0x82, 0xe4, 0xa8,
    0x56, 0x29, 0x3e, 0x02, 0xa0, 0x84, 0x3a, 0x41, 0xd0, 0x6a, 0x82, 0x41, 0x25, 0xc1, 0x2c, 0x5e,
    0xe7, 0xe3, 0x59, 0x0c, 0x9b, 0x95, 0x52, 0xac, 0x0a, 0x30, 0x59, 0x2e, 0x27, 0xfa, 0x34, 0xcf,
    0xc0, 0x7f, 0x6e, 0xce, 0xef, 0x38, 0x5c, 0x09, 0x52, 0x0c, 0x16, 0x31, 0x8e, 0x7c, 0x51, 0x02,
    0xa5, 0x17, 0xc7, 0x04, 0xae, 0x68, 0x33, 0x22, 0x7b, 0x40, 0x3e, 0x9a, 0x6a, 0x2d, 0x57, 0x94,
    0x3a, 0xe9, 0xcf, 0xf9, 0x55, 0xa4, 0xe9, 0xa2, 0x9f, 0x2d, 0xd4, 0x23, 0xf0, 0x29, 0x12, 0x8d,
    0x24, 0x33, 0xf6, 0xec, 0xe3, 0x83, 0x6d, 0x59, 0x68, 0xad, 0x2c, 0xbb, 0x2f, 0x2e, 0xbb, 0xcb,
    0x17, 0x28, 0x72, 0xbb, 0x77, 0x9e, 0xb9, 0x8b, 0xe7, 0xbc, 0x7b, 0xd7, 0xf6, 0xb3, 0x7f, 0x6e,
    0xde, 0x5a, 0x80, 0xe2, 0xb0, 0xa7, 0xea, 0xee, 0x15, 0x50, 0xca, 0xf7, 0x0d, 0x8d, 0xf7, 0x16,
    0x3f, 0xc2, 0xdb, 0xf5, 0x9b, 0x9b, 0xf7, 0xcf, 0xe0, 0xcb, 0x5d, 0xe2, 0xde, 0xad, 0x5b, 0x0b,
    0x10, 0x9a, 0x9d, 0x97, 0x17, 0x3b, 0xf7, 0x56, 0x70, 0x98, 0x5e, 0x7b, 0x44, 0xc3, 0x14, 0x02,
    0xb0, 0x75, 0xed, 0x6e, 0xeb, 0xa7, 0xab, 0x6e, 0x73, 0xa5, 0xb5, 0x74, 0x31, 0xc1, 0xdb, 0x7d,
    0x06, 0x4a, 0x92, 0x40, 0x0a, 0x7a, 0xe8, 0x01, 0xcd, 0x76, 0x0a, 0x8a, 0x0a, 0xf9, 0xe1, 0x84,
    0x62, 0x19, 0x49, 0x7b, 0xd0, 0xda, 0xf3, 0xdd, 0xac, 0xc7, 0x8c, 0x8f, 0xed, 0xb3, 0x8b, 0xb7,
    0x0c, 0xc4, 0x64, 0xef, 0xcd, 0x58, 0xf4, 0x7e, 0x0d, 0xec, 0xd5, 0x23, 0x83, 0x57, 0x3e, 0xf4,
    0x8c, 0x8f, 0x95, 0x27, 0x86, 0x2b, 0x65, 0x68, 0xc3, 0x32, 0x07, 0x84, 0x84, 0xf3, 0x7f, 0x94,
    0x4a, 0x5c, 0x86, 0x14, 0xe4, 0x9d, 0x7f, 0x34, 0xc3, 0x68, 0x66, 0xf8, 0xf6, 0x23, 0x70, 0x66,
    0x1e, 0x75, 0x13, 0x02, 0xc5, 0xbf, 0xf6, 0x95, 0x1f, 0x22, 0x5f, 0x12, 0xdc, 0xbd, 0x07, 0xea,
    0xe8, 0x3c, 0x7c, 0xe8, 0x3e, 0x69, 0xbe, 0x5e, 0x38, 0xbd, 0xf9, 0xb7, 0x85, 0xcd, 0x6b, 0x0f,
    0xdc, 0xcb, 0x17, 0xdc, 0x67, 0x57, 0xdc, 0x4b, 0x2b, 0x6d, 0xa0, 0x7f, 0x02, 0x39, 0xe0, 0x3a,
    0x2c, 0x7f, 0xb3, 0x7e, 0xc3, 0x7d, 0xf1, 0x03, 0x9e, 0x6a, 0xde, 0xde, 0xbc, 0x7e, 0xb6, 0xfd,
    0xfc, 0x72, 0xeb, 0xf6, 0x2d, 0x70, 0x4f, 0xbf, 0x4b, 0xf6, 0x3b, 0x7d, 0xaf, 0x3b, 0xe5, 0x05,
    0x0a, 0xc6, 0xee, 0xd2, 0x5a, 0x67, 0x63, 0xa3, 0xd3, 0xdc, 0x70, 0x9b, 0x37, 0x68, 0xbe, 0x71,
    0x2f, 0xfe, 0xa5, 0xb3, 0xf8, 0x6f, 0xf7, 0xfc, 0x03, 0xfa, 0xfb, 0x36, 0x8f, 0x33, 0xf6, 0xee,
    0xe6, 0x46, 0xfb, 0x45, 0x33, 0x2d, 0xf3, 0x78, 0xa0, 0x3c, 0x8e, 0xd3, 0x8b, 0x3c, 0x30, 0x40,
    0x2b, 0x3b, 0x0f, 0xa0, 0x26, 0x06, 0x58, 0x92, 0xa9, 0x0c, 0x0c, 0x24, 0x83, 0x7c, 0x17, 0xab,
    0xc8, 0xbd, 0x9f, 0xc7, 0x84, 0x15, 0x9f, 0x13, 0xe1, 0x45, 0x28, 0xf1, 0x98, 0x0a, 0xb3, 0x49,
    0xeb, 0xee, 0xba, 0xbb, 0xbe, 0x0a, 0x09, 0x17, 0x74, 0x2f, 0x40, 0xd3, 0xc5, 0x93, 0x71, 0x44,
    0xab, 0x0e, 0xcb, 0x88, 0x96, 0x82, 0xcb, 0xa2, 0x25, 0x64, 0x57, 0x58, 0x01, 0xb7, 0x20, 0xe9,
    0x41, 0x0c, 0xd6, 0xba, 0x20, 0xd3, 0x7f, 0x9f, 0x80, 0x66, 0xbb, 0xa7, 0x81, 0xad, 0x20, 0xcd,
    0xd2, 0x9f, 0x1a, 0xb2, 0xca, 0x34, 0x6e, 0x1b, 0x7c, 0xb1, 0xe5, 0x2b, 0x50, 0x88, 0x7a, 0xc3,
    0xe9, 0xc3, 0x1d, 0x38, 0x50, 0xaf, 0x00, 0xb2, 0xec, 0x3f, 0x0e, 0xa2, 0x62, 0x98, 0x41, 0x06,
    0xe2, 0x57, 0x41, 0xc2, 0x20, 0x2d, 0x7e, 0x23, 0xce, 0x9b, 0xc0, 0xa2, 0x3a, 0xa3, 0x18, 0x47,
    0x91, 0x30, 0xe8, 0xbb, 0xe5, 0x7e, 0x87, 0xba, 0xd3, 0x57, 0x19, 0x84, 0x75, 0x98, 0xa3, 0xbc,
    0x2c, 0x9f, 0x97, 0x92, 0x6f, 0xce, 0xb6, 0x76, 0xbc, 0x78, 0x0e, 0x21, 0xa7, 0x03, 0x91, 0x83,
    0x95, 0xb0, 0xd4, 0xed, 0xc5, 0x22, 0xdb, 0xc7, 0xe4, 0x93, 0xf4, 0xdf, 0xd4, 0xfd, 0x5a, 0xd7,
    0xf9, 0x65, 0x9d, 0xff, 0x07, 0x8a, 0x87, 0x05, 0xa9, 0x00, 0xc4, 0xfb, 0x95, 0xea, 0x4c, 0xf7,
    0xd5, 0x02, 0x21, 0x03, 0xd9, 0x12, 0x8e, 0xc1, 0x34, 0xf1, 0x8e, 0x32, 0x1c, 0x0c, 0xf9, 0x29,
    0x50, 0xa8, 0x14, 0xf4, 0x95, 0x9a, 0x74, 0x8a, 0xfe, 0x0f, 0x93, 0x43, 0xd7, 0xaa, 0xc7, 0x02,
    0xda, 0xf4, 0x5b, 0x5d, 0x8c, 0x77, 0x96, 0xb9, 0x39, 0xa6, 0xde, 0xd0, 0x1a, 0x12, 0xa6, 0xf7,
    0x94, 0x24, 0x7e, 0x19, 0xc2, 0x24, 0xe0, 0x15, 0x1a, 0x5f, 0xb1, 0x0f, 0x8b, 0x1e, 0x30, 0xc6,
    0xb6, 0x54, 0x11, 0xab, 0x84, 0xbe, 0x4b, 0x85, 0x08, 0x99, 0xc8, 0xb5, 0x30, 0x9f, 0xe3, 0x91,
    0x4e, 0xaf, 0x12, 0x7a, 0x10, 0x78, 0x74, 0x8b, 0x7a, 0x65, 0xb1, 0xb6, 0xcd, 0x43, 0xfb, 0x5f,
    0xd3, 0xef, 0xa0, 0xf5, 0x59, 0xe4, 0xf4, 0xc4, 0xd4, 0xdc, 0xdc, 0x48, 0x49, 0x02, 0x80, 0x8f,
    0xb0, 0x27, 0x25, 0xde, 0x21, 0x6b, 0x52, 0x66, 0xdb, 0xb2, 0x25, 0x65, 0x91, 0x6c, 0x49, 0xd6,
    0x5e, 0x6e, 0x49, 0x43, 0xa9, 0xad, 0x78, 0x42, 0x33, 0x54, 0xf3, 0x44, 0x81, 0x26, 0x8f, 0x49,
    0xd2, 0xee, 0xfc, 0x9e, 0x74, 0x3b, 0x72, 0xd2, 0x9b, 0x48, 0xfc, 0xe1, 0xfc, 0xe3, 0xbb, 0xb9,
    0x60, 0x62, 0x4a, 0xe8, 0x3f, 0xb6, 0x7e, 0x73, 0xc2, 0xb6, 0x8b, 0xb9, 0xfd, 0x90, 0xfc, 0x58,
    0x6b, 0xa1, 0xba, 0x69, 0x39, 0x5e, 0x8b, 0x2b, 0x8d, 0xe2, 0x0a, 0x39, 0x98, 0xc0, 0xfa, 0x48,
    0x62, 0xf7, 0xe6, 0x6f, 0x51, 0xb6, 0x5a, 0x3b, 0xb2, 0xf5, 0x00, 0x53, 0xd3, 0x9a, 0x55, 0x13,
    0x85, 0xf6, 0xbd, 0x66, 0xa7, 0xf9, 0x0f, 0xa8, 0x99, 0x5f, 0x2d, 0xdc, 0x12, 0xf2, 0x21, 0x55,
    0x44, 0x5e, 0x78, 0xb5, 0xf0, 0x77, 0xf6, 0x62, 0xfa, 0xc2, 0xd5, 0xd6, 0x7f, 0xee, 0xd1, 0xf2,
    0xf9, 0xed, 0xfa, 0x1d, 0x41, 0xca, 0xe5, 0x4c, 0xa3, 0x8a, 0xc8, 0x2b, 0xa6, 0x08, 0xb1, 0xe7,
    0xc3, 0x87, 0xfd, 0x58, 0x00, 0x18, 0x19, 0x49, 0xc4, 0x1c, 0x6d, 0x24, 0x82, 0x22, 0xda, 0x33,
    0xe6, 0xa5, 0xb0, 0xd1, 0xb1, 0x62, 0xd4, 0x2b, 0xf1, 0xff, 0x01, 0x49, 0x61, 0xdb, 0xae,
};

const uint8_t kLearningStyle[] = {
    0x78, 0xda, 0xbd, 0x58, 0xdb, 0x6e, 0xab, 0x38, 0x14, 0x7d, 0xef, 0x57, 0x20, 0x55, 0x23, 0x25,
    0x52, 0x9c, 0x03, 0x34, 0x49, 0x53, 0xe7, 0x4c, 0x35, 0xff, 0x31, 0x9a, 0x07, 0x03, 0x9b, 0xe0,
    0xa9, 0x31, 0xc8, 0x98, 0x5c, 0x06, 0xf5, 0xdf, 0xc7, 0x98, 0x40, 0x0d, 0x86, 0x24, 0xcd, 0xd1,
    0xcc, 0x43, 0xd3, 0x42, 0xec, 0xed, 0xb5, 0x2f, 0x6b, 0xed, 0xed, 0xfe, 0x2c, 0xe4, 0x99, 0xc1,
    0xfb, 0xd3, 0x92, 0x01, 0x11, 0x9c, 0xf2, 0x3d, 0xca, 0x09, 0x07, 0x56, 0xe5, 0x24, 0x8a, 0xea,
    0xa7, 0x20, 0x93, 0x32, 0x4b, 0xb1, 0xb7, 0xc9, 0x4f, 0x9f, 0x5f, 0x6b, 0xc2, 0x8c, 0x4b, 0x38,
    0xc9, 0x2a, 0xa2, 0x45, 0xce, 0xc8, 0x19, 0xef, 0x05, 0x8d, 0x76, 0xf5, 0x07, 0x92, 0x90, 0xaa,
    0x37, 0x12, 0xd4, 0x12, 0x56, 0xa6, 0xbc, 0xc0, 0x02, 0x72, 0x20, 0x72, 0xf6, 0xb2, 0x48, 0x29,
    0x4f, 0xc9, 0x69, 0xe6, 0x2e, 0xbc, 0x58, 0xcc, 0xe7, 0xbb, 0x3d, 0xc9, 0xb1, 0xbb, 0x4b, 0x89,
    0xd8, 0x53, 0x8e, 0x91, 0x9f, 0x9f, 0x1c, 0xd7, 0xf1, 0x56, 0xf9, 0x69, 0x17, 0x64, 0x22, 0x02,
    0x81, 0x3d, 0xf5, 0xa6, 0xc8, 0x18, 0x8d, 0x9c, 0x03, 0x11, 0x33, 0x84, 0x20, 0x40, 0x8c, 0x72,
    0x40, 0x45, 0x16, 0xcb, 0xf9, 0x65, 0x11, 0x12, 0x24, 0xa2, 0x65, 0x81, 0xdf, 0xea, 0x6d, 0x24,
    0xfc, 0xd8, 0x8b, 0xac, 0xe4, 0x11, 0xee, 0x36, 0xe8, 0xb5, 0x36, 0xec, 0xf7, 0x88, 0x1e, 0x2a,
    0x05, 0x07, 0x1d, 0x69, 0x24, 0x13, 0x85, 0xe2, 0xe2, 0x2c, 0xf6, 0x5c, 0x75, 0xa8, 0xe7, 0x77,
    0x20, 0x90, 0xa0, 0xfb, 0x44, 0x5e, 0x87, 0x32, 0x6e, 0x1e, 0x33, 0x52, 0x48, 0x14, 0x26, 0x94,
    0x45, 0x55, 0xcf, 0x96, 0x6b, 0xac, 0x67, 0x24, 0x50, 0x91, 0x6e, 0x63, 0x18, 0xb0, 0x2c, 0xfc,
    0xd8, 0xa9, 0xb0, 0x65, 0xe2, 0xcb, 0x83, 0xb4, 0x94, 0x10, 0xcd, 0x77, 0xb1, 0xb2, 0x8c, 0x0a,
    0xfa, 0x0f, 0x60, 0x4f, 0x81, 0x69, 0x1e, 0x8f, 0xa0, 0x0d, 0xae, 0x5c, 0xd7, 0x86, 0x80, 0x0e,
    0x84, 0x95, 0x30, 0x30, 0xdd, 0xc4, 0x1a, 0xc9, 0x2c, 0xc7, 0x7e, 0x6b, 0xa4, 0xb1, 0xb9, 0xb2,
    0x6d, 0xee, 0xb2, 0x03, 0x88, 0x98, 0x65, 0x47, 0x74, 0x14, 0x2a, 0x53, 0x84, 0x9f, 0x8f, 0x09,
    0x08, 0x18, 0x39, 0x2a, 0x01, 0x96, 0x5f, 0x3f, 0xe9, 0x21, 0x9f, 0x8c, 0x8a, 0x4c, 0x80, 0x44,
    0xdd, 0x09, 0x31, 0x83, 0xd3, 0x8e, 0x30, 0xba, 0xe7, 0x88, 0xaa, 0x62, 0x2b, 0x70, 0x08, 0x0a,
    0x87, 0xd8, 0xfd, 0x5d, 0x16, 0x92, 0xc6, 0xe7, 0x06, 0x16, 0x97, 0xb8, 0xc8, 0x49, 0x08, 0x28,
    0x00, 0x79, 0x04, 0xe0, 0xba, 0xda, 0xea, 0xec, 0xb6, 0x05, 0xe7, 0xd6, 0xd5, 0xe6, 0xf6, 0x6a,
    0xba, 0x3e, 0xc5, 0x49, 0x5e, 0xaa, 0x76, 0x85, 0x09, 0x70, 0x3d, 0x00, 0xb8, 0xee, 0x05, 0x5d,
    0xef, 0x5c, 0x4a, 0xb2, 0xaf, 0xa6, 0x13, 0x93, 0x82, 0x14, 0x34, 0x2c, 0xbe, 0xc1, 0x98, 0xd5,
    0x18, 0x63, 0xb6, 0x3d, 0xc8, 0x8d, 0xd1, 0x2b, 0xa5, 0xec, 0x3d, 0xc6, 0xa7, 0x6d, 0x9f, 0x4f,
    0xcf, 0x71, 0x1c, 0x1b, 0xa7, 0xde, 0xa8, 0xad, 0x97, 0x7e, 0x6d, 0x6d, 0xed, 0xd0, 0x35, 0xcf,
    0x0a, 0x06, 0x25, 0xea, 0x37, 0x2f, 0x53, 0x50, 0x5e, 0x60, 0x49, 0x82, 0x92, 0x11, 0x51, 0x3f,
    0x17, 0xb7, 0xab, 0x4f, 0x94, 0x0c, 0xda, 0x54, 0x69, 0x5f, 0x55, 0x46, 0x3b, 0xe7, 0xdf, 0xfa,
    0xbe, 0x4f, 0xb8, 0xd5, 0x97, 0x89, 0xdb, 0x55, 0xea, 0x8f, 0xb0, 0x44, 0x87, 0x30, 0x69, 0x9e,
    0xbd, 0xe5, 0x7a, 0x3d, 0x40, 0xe8, 0xa8, 0x2a, 0xe4, 0xd5, 0xc0, 0x72, 0xcd, 0x9a, 0xf9, 0xb5,
    0x7a, 0x8f, 0x20, 0x28, 0xf7, 0x95, 0x11, 0xd2, 0x9a, 0xa0, 0x9f, 0x83, 0xef, 0xcd, 0x52, 0x55,
    0xce, 0xdf, 0x60, 0x74, 0xbf, 0x60, 0xb5, 0x81, 0xf7, 0xdc, 0xdc, 0xff, 0x7a, 0x27, 0x4f, 0x0d,
    0x2b, 0x2a, 0x61, 0x2a, 0x07, 0x4d, 0xe1, 0x79, 0xae, 0xfb, 0x5b, 0x1b, 0x6d, 0x65, 0x86, 0x91,
    0xbc, 0x00, 0xdc, 0xfe, 0x31, 0x1a, 0xc4, 0x6b, 0xe9, 0x1f, 0x1e, 0xe2, 0xc8, 0x64, 0x61, 0xbd,
    0x8a, 0xda, 0x1e, 0x85, 0x15, 0x76, 0x67, 0xfb, 0x95, 0xed, 0xb6, 0x65, 0x5d, 0x2d, 0x78, 0x2d,
    0x5d, 0x5a, 0x46, 0xb0, 0x16, 0x66, 0x2b, 0xb3, 0xc7, 0x44, 0xc9, 0x0b, 0xd2, 0x2a, 0x82, 0x79,
    0x56, 0x97, 0xe1, 0x08, 0xaa, 0xea, 0x91, 0x90, 0xa9, 0x7d, 0x38, 0xa6, 0xa2, 0xed, 0x0f, 0x23,
    0x9e, 0x99, 0x5f, 0x57, 0x06, 0x52, 0x06, 0xb1, 0xb4, 0xad, 0x05, 0x59, 0x74, 0x76, 0xa4, 0x30,
    0x5a, 0x4e, 0x1d, 0x9c, 0x7e, 0x30, 0x5c, 0x7b, 0x9b, 0x30, 0xeb, 0x21, 0xa4, 0x05, 0xcd, 0xb8,
    0xde, 0x67, 0xf2, 0x7e, 0x13, 0x93, 0x78, 0x7b, 0xd7, 0x56, 0x54, 0x48, 0x22, 0xa4, 0x71, 0xb0,
    0xae, 0xdb, 0x2e, 0x05, 0xcf, 0x61, 0x0c, 0xeb, 0x88, 0x18, 0xa6, 0x28, 0xaf, 0xb3, 0xd1, 0xc9,
    0x48, 0xf3, 0x88, 0x2c, 0x75, 0x0f, 0x48, 0x01, 0xf5, 0x37, 0x96, 0xbe, 0xd7, 0x2b, 0x11, 0xf0,
    0x48, 0xcb, 0xe2, 0x6b, 0x7f, 0x3a, 0x49, 0x08, 0xdf, 0xc3, 0xed, 0xdc, 0xb8, 0x57, 0x5b, 0x69,
    0xad, 0xc9, 0x85, 0x6c, 0x69, 0x58, 0x87, 0x1e, 0xaf, 0x3b, 0x92, 0x3c, 0x7b, 0x9b, 0xd7, 0xb7,
    0x15, 0xb9, 0xdf, 0x5a, 0x13, 0xb9, 0xaf, 0x67, 0x25, 0xfa, 0xf2, 0x6c, 0xe6, 0xf6, 0xd2, 0xc6,
    0xc6, 0x41, 0x77, 0xaa, 0xee, 0xf7, 0x1c, 0x2d, 0xca, 0x54, 0xc1, 0x3b, 0xf7, 0x7b, 0xa3, 0x0e,
    0x8c, 0x96, 0xcd, 0xfa, 0x43, 0x87, 0x67, 0x5d, 0xeb, 0xe1, 0xf6, 0xab, 0xfb, 0x6d, 0x2f, 0x7a,
    0xf9, 0xcd, 0xea, 0xbd, 0x1c, 0xd7, 0x88, 0xda, 0xb4, 0xab, 0x02, 0x8a, 0x92, 0x7d, 0x67, 0x36,
    0xf4, 0x27, 0x3a, 0x5d, 0xdb, 0x55, 0x5a, 0x42, 0xf7, 0xfb, 0x75, 0x73, 0x8c, 0x9e, 0xe5, 0xba,
    0xf0, 0x3c, 0xde, 0xef, 0x2c, 0xc3, 0xff, 0x47, 0x9b, 0x33, 0x0e, 0x25, 0xa1, 0x54, 0x2c, 0x2a,
    0x6e, 0xa6, 0xd2, 0x08, 0x8b, 0x66, 0x58, 0xbf, 0x20, 0x2e, 0x56, 0x9c, 0x38, 0x13, 0xe9, 0xc2,
    0x7e, 0xbd, 0x6c, 0x4f, 0x69, 0x85, 0xff, 0x73, 0x30, 0xf6, 0x3b, 0x94, 0xe7, 0xa5, 0x5c, 0x0c,
    0xdf, 0x2e, 0x03, 0x59, 0xd3, 0xf3, 0xa3, 0x9a, 0x6e, 0x29, 0x29, 0xe1, 0x25, 0x61, 0x97, 0x6e,
    0xa0, 0xd2, 0x39, 0x5b, 0xfb, 0x2a, 0x5d, 0x8b, 0x90, 0xb0, 0x70, 0xa6, 0x9a, 0xc3, 0xe1, 0xe8,
    0x20, 0xc7, 0x57, 0xe0, 0xe7, 0x73, 0x6b, 0x53, 0xd7, 0x88, 0xb4, 0x47, 0xb6, 0x51, 0x67, 0x19,
    0x53, 0x50, 0x42, 0xd8, 0x76, 0xfb, 0x55, 0x53, 0xbd, 0xf6, 0x3a, 0x0d, 0xfe, 0x4f, 0x79, 0xce,
    0xe1, 0x77, 0x15, 0xdd, 0x00, 0xc4, 0x5f, 0x66, 0x77, 0x32, 0xce, 0xe8, 0x5f, 0x66, 0x9a, 0xdd,
    0x28, 0x17, 0x70, 0xa0, 0x70, 0x9c, 0x1e, 0x34, 0x27, 0xa5, 0x68, 0x64, 0xd4, 0xf4, 0x07, 0x69,
    0xaa, 0xc5, 0xe1, 0x3f, 0x9f, 0x4e, 0x26, 0x7d, 0x72, 0xb2, 0x52, 0xaa, 0xd0, 0x5c, 0x19, 0x44,
    0x1a, 0x1b, 0x9b, 0xbb, 0x9a, 0xf3, 0xd3, 0x1f, 0x29, 0x44, 0x94, 0xcc, 0x14, 0x63, 0x2f, 0x63,
    0xe7, 0xeb, 0x46, 0xf9, 0x37, 0xaf, 0xec, 0xfb, 0xe1, 0x38, 0xed, 0x15, 0xc9, 0x1d, 0xf5, 0x33,
    0x71, 0x31, 0xfb, 0x46, 0x17, 0x9f, 0xb8, 0x7b, 0x71, 0x99, 0x34, 0x7d, 0x70, 0xe6, 0xcf, 0xa7,
    0x6f, 0x5f, 0x13, 0xb7, 0x35, 0x0d, 0xb9, 0x41, 0x8a, 0xbd, 0x1f, 0xc8, 0xdb, 0x4d, 0x37, 0xd2,
    0x76, 0xa6, 0xff, 0x96, 0xb8, 0x59, 0x03, 0x54, 0x4f, 0x61, 0x46, 0x66, 0x05, 0xf3, 0xf2, 0xc3,
    0x33, 0x0e, 0xe3, 0x03, 0xc0, 0x40, 0x6e, 0xad, 0x9e, 0xd8, 0x76, 0xee, 0x5f, 0x91, 0x65, 0x73,
    0xde, 0x7a, 0x7b, 0x4c, 0x69, 0x47, 0x41, 0x45, 0xf7, 0x80, 0xda, 0x2c, 0xb7, 0x90, 0x3a, 0x3d,
    0x44, 0xda, 0xcd, 0x8d, 0xc1, 0xac, 0x97, 0x5a, 0x19, 0x5a, 0x58, 0xae, 0x35, 0xe3, 0x8d, 0x9c,
    0x8c, 0x71, 0x00, 0x4a, 0x2c, 0xeb, 0x61, 0xa1, 0xe1, 0x32, 0x91, 0x52, 0xcc, 0x22, 0x22, 0x49,
    0x73, 0x3b, 0x9f, 0xdf, 0x77, 0x79, 0xbd, 0x39, 0xa3, 0x4d, 0x8e, 0x74, 0xe3, 0xc0, 0x86, 0x73,
    0x42, 0xbf, 0x0b, 0x59, 0x25, 0x6a, 0x8d, 0x11, 0xb7, 0x0c, 0x76, 0x6e, 0xf7, 0x0a, 0x6b, 0x84,
    0xd9, 0x2b, 0x7f, 0x9c, 0xd9, 0x0b, 0x8b, 0x05, 0x0b, 0x6b, 0x00, 0x98, 0x24, 0xff, 0x75, 0xe2,
    0x3f, 0xc4, 0x54, 0x52, 0xca, 0x6c, 0x78, 0x45, 0x5d, 0x4c, 0xb4, 0x74, 0x23, 0x77, 0x13, 0x1c,
    0x99, 0x46, 0xfe, 0xf9, 0xf4, 0xf3, 0x47, 0xf3, 0x1f, 0xb3, 0x7f, 0x01, 0x1d, 0x1f, 0x1d, 0xdd,
};

const uint8_t kLearningScript[] = {
    0x78, 0xda, 0x9d, 0x56, 0x5b, 0x4f, 0xdc, 0x46, 0x14, 0x7e, 0xdf, 0x5f, 0xb1, 0x11, 0x4a, 0xc6,
    0xee, 0x7a, 0xbd, 0xbb, 0xa4, 0xf0, 0x00, 0x38, 0xab, 0x36, 0x4a, 0xa4, 0x4a, 0x25, 0x42, 0x49,
    0xa4, 0x56, 0x8a, 0x78, 0x70, 0xec, 0x61, 0x99, 0xca, 0x3b, 0xde, 0xce, 0x8c, 0x77, 0x41, 0x80,
    0x44, 0xaa, 0x86, 0x4b, 0x0b, 0xa1, 0x6a, 0x69, 0x78, 0x08, 0x6d, 0xda, 0x26, 0x6a, 0x50, 0x24,
    0xd2, 0x2a, 0xad, 0x08, 0xa2, 0xa0, 0xfc, 0x97, 0x04, 0x2f, 0xf0, 0xc4, 0x5f, 0xe8, 0x99, 0xb1,
    0xbd, 0x78, 0x2f, 0x44, 0x69, 0x5f, 0x2c, 0xdb, 0xe7, 0x9c, 0xef, 0xdc, 0xbf, 0x99, 0x11, 0xee,
    0x30, 0x52, 0x13, 0x57, 0x32, 0xda, 0x44, 0x40, 0x1d, 0x41, 0x7c, 0xaa, 0xe9, 0x33, 0x99, 0xe4,
    0x3d, 0xcb, 0xb1, 0xd0, 0x88, 0x6b, 0xd4, 0xf5, 0x99, 0xba, 0xcd, 0xb2, 0xd8, 0x72, 0x7d, 0x27,
    0xa8, 0x62, 0x2a, 0xcc, 0x0a, 0x16, 0xd7, 0x3c, 0x2c, 0x5f, 0x3f, 0x9e, 0xfe, 0xc4, 0x05, 0x1d,
    0x7d, 0x98, 0x4c, 0x68, 0x58, 0xc7, 0xa6, 0xc0, 0x53, 0xe2, 0xaa, 0x4f, 0x05, 0x88, 0xac, 0xfa,
    0xdc, 0x19, 0x94, 0x47, 0x04, 0x66, 0x5c, 0x03, 0x28, 0x86, 0x45, 0xc0, 0x68, 0x56, 0x1b, 0xb5,
    0xc5, 0xa4, 0x59, 0xb5, 0xa7, 0xb4, 0xa2, 0x71, 0x23, 0xa8, 0xde, 0xc5, 0x0c, 0x84, 0xb3, 0xb3,
    0x45, 0xbd, 0x50, 0x2a, 0x16, 0x8b, 0xba, 0x29, 0xfc, 0xeb, 0x64, 0x0a, 0xbb, 0xda, 0x65, 0x3d,
    0x87, 0xb2, 0x9f, 0x16, 0xaa, 0x84, 0xa2, 0x14, 0x1c, 0xb3, 0x05, 0x7e, 0x5f, 0xb0, 0x33, 0xac,
    0x7e, 0x89, 0x35, 0x56, 0xe0, 0x69, 0x24, 0x8e, 0x1d, 0x9f, 0xba, 0xff, 0x27, 0xb2, 0x92, 0x44,
    0x3b, 0x7a, 0xf6, 0x7d, 0x1a, 0xcd, 0x0d, 0x20, 0x32, 0x59, 0x46, 0x59, 0x33, 0xeb, 0x3c, 0xa0,
    0xe1, 0xd8, 0x53, 0x7d, 0x64, 0xb0, 0x58, 0xae, 0xc7, 0x28, 0x43, 0x4a, 0x7b, 0xc2, 0xf3, 0x7d,
    0x50, 0x2b, 0x0c, 0x16, 0x25, 0x7a, 0xb8, 0xb4, 0x90, 0x45, 0xb9, 0xfa, 0xc5, 0xc1, 0x62, 0xb7,
    0x2b, 0x4e, 0x2a, 0x14, 0xa2, 0xa8, 0x1b, 0x2e, 0xa9, 0x10, 0xc1, 0xa5, 0xbf, 0xb4, 0x93, 0xc4,
    0x87, 0x56, 0x1f, 0x29, 0x96, 0xd1, 0x9b, 0x25, 0x70, 0x80, 0x72, 0x48, 0xcf, 0x29, 0x2f, 0xf6,
    0x5d, 0x99, 0x70, 0x2b, 0x93, 0x18, 0x21, 0x05, 0x5e, 0x0b, 0x3c, 0x8e, 0xaf, 0x4e, 0xda, 0xb4,
    0x82, 0x35, 0x27, 0x60, 0x0c, 0xda, 0x69, 0xd4, 0x18, 0xae, 0x13, 0x3f, 0xe0, 0xad, 0x42, 0xc5,
    0x11, 0xc4, 0x5e, 0x63, 0x35, 0x3d, 0x1f, 0x7f, 0xb7, 0xd4, 0x8d, 0x62, 0x1a, 0x19, 0x12, 0x6c,
    0x9c, 0x0b, 0x1c, 0xff, 0xb1, 0x3a, 0x20, 0x65, 0x3a, 0x89, 0x92, 0xd5, 0x09, 0x2f, 0x85, 0x72,
    0x3c, 0x1d, 0x05, 0x6a, 0xc5, 0x36, 0xf9, 0x44, 0x6e, 0xc8, 0x89, 0xb4, 0xe2, 0x50, 0x23, 0x1d,
    0xd5, 0x47, 0xe3, 0x72, 0xab, 0x0d, 0x89, 0x6a, 0x59, 0xaa, 0x42, 0xa1, 0x35, 0x94, 0x6b, 0xd7,
    0x4f, 0x14, 0x3e, 0x00, 0x43, 0x43, 0xb6, 0xfd, 0xa2, 0x8e, 0x86, 0xa4, 0x72, 0x2a, 0xaf, 0xa0,
    0xe6, 0xc2, 0x4c, 0x7e, 0x46, 0xa8, 0xeb, 0x37, 0xb8, 0x06, 0xb9, 0x64, 0x64, 0x50, 0x0c, 0x3e,
    0x2c, 0x6e, 0x7a, 0xd8, 0x66, 0x94, 0xd0, 0x4a, 0x2c, 0x9e, 0x9d, 0xbd, 0x33, 0x6e, 0xe0, 0x6a,
    0x4d, 0x4c, 0x9f, 0xbb, 0x52, 0x48, 0x99, 0xe4, 0x1b, 0xca, 0x20, 0xaf, 0x74, 0x91, 0x6e, 0x70,
    0x61, 0x33, 0x91, 0x1e, 0x2b, 0x89, 0x0f, 0xe8, 0xb4, 0x22, 0x26, 0xf3, 0x03, 0xfa, 0x70, 0x46,
    0x6e, 0xa1, 0xd4, 0xd5, 0xd5, 0xd3, 0xe4, 0x62, 0xda, 0xc3, 0xa6, 0x4b, 0x78, 0xcd, 0xb3, 0xa7,
    0xad, 0x94, 0x72, 0x19, 0x51, 0x9f, 0x62, 0x18, 0x09, 0x34, 0x9c, 0x99, 0x90, 0x03, 0x07, 0xb1,
    0x12, 0xab, 0x38, 0x4c, 0x46, 0x4a, 0xf0, 0xc8, 0xe5, 0xce, 0xc2, 0x7f, 0xcf, 0x08, 0x51, 0x8e,
    0xe8, 0x46, 0x43, 0xb9, 0xb8, 0x43, 0xc6, 0x55, 0x20, 0x17, 0xe0, 0x43, 0x87, 0xe5, 0x12, 0x84,
    0x06, 0x78, 0x38, 0x03, 0x5f, 0x1d, 0xf1, 0x34, 0xca, 0x08, 0x22, 0x50, 0x81, 0x44, 0x62, 0xc7,
    0xb3, 0x39, 0xbf, 0x61, 0x57, 0xb1, 0xd5, 0xb8, 0x74, 0x89, 0x5c, 0xb1, 0x54, 0xba, 0x65, 0x94,
    0x54, 0x2f, 0xef, 0x62, 0x87, 0x70, 0x28, 0x36, 0xca, 0x69, 0xc4, 0xb2, 0x12, 0x71, 0xb6, 0x4b,
    0x9e, 0x57, 0x12, 0x99, 0x9d, 0xae, 0x32, 0x94, 0xc1, 0xa4, 0x43, 0x91, 0xbc, 0xd6, 0x1e, 0x3e,
    0x3c, 0xf1, 0x94, 0x4c, 0xc2, 0x40, 0x7d, 0x28, 0x07, 0x81, 0xe2, 0x2f, 0x03, 0x4c, 0x1d, 0x1c,
    0x39, 0x4a, 0x57, 0xb9, 0x04, 0x0e, 0x9b, 0x9b, 0xf3, 0xcd, 0x87, 0x7f, 0x2a, 0x7c, 0xbd, 0x17,
    0x5a, 0xc2, 0x02, 0x0a, 0x30, 0x21, 0x98, 0x86, 0x19, 0x49, 0x47, 0x79, 0x6f, 0x23, 0xb5, 0x72,
    0x5c, 0x99, 0x34, 0xcc, 0x68, 0xff, 0xfc, 0x00, 0x86, 0xff, 0x5c, 0xdd, 0x7c, 0x34, 0x9d, 0xca,
    0x82, 0x94, 0xd3, 0x1b, 0x9b, 0xb6, 0x37, 0xa2, 0x96, 0xe4, 0x4b, 0xe3, 0x69, 0xd0, 0x21, 0xf4,
    0x66, 0x7e, 0x1d, 0xf5, 0xc4, 0x96, 0xd4, 0xaa, 0x30, 0x15, 0xc7, 0xc6, 0x50, 0x37, 0xe1, 0xfd,
    0x73, 0xc9, 0xa5, 0x3d, 0x4d, 0xe4, 0x4e, 0x2b, 0x93, 0x98, 0xe5, 0x1b, 0x92, 0xc6, 0x1a, 0xa3,
    0xde, 0x18, 0x66, 0xa3, 0x50, 0x71, 0x81, 0xdf, 0x61, 0xd6, 0x96, 0x44, 0x8a, 0x1c, 0xba, 0x30,
    0x52, 0x89, 0x74, 0xa2, 0xc7, 0xd9, 0x64, 0xe6, 0x32, 0x5d, 0x0b, 0x79, 0x33, 0xf0, 0x70, 0x6b,
    0x1b, 0x69, 0x42, 0x1e, 0x67, 0x1b, 0x79, 0xdb, 0x17, 0xb6, 0x17, 0xad, 0x65, 0x54, 0x19, 0x49,
    0x27, 0x6a, 0x60, 0xa8, 0x1e, 0xd3, 0x03, 0x3a, 0x7a, 0xbe, 0x11, 0xae, 0x3d, 0xc9, 0xf6, 0x95,
    0xb2, 0xcd, 0xed, 0x27, 0xe1, 0xe6, 0xd6, 0xc9, 0xe2, 0xe2, 0xc9, 0xa3, 0x85, 0xd3, 0xfd, 0x47,
    0xcd, 0x3f, 0xd6, 0x0e, 0x77, 0x9f, 0x47, 0xe2, 0xa3, 0xbd, 0xdf, 0xb3, 0x03, 0x92, 0xa3, 0x0f,
    0x77, 0xd7, 0x0f, 0xf7, 0xe0, 0xb9, 0x7a, 0xb2, 0xb8, 0x1a, 0xae, 0xfd, 0xf2, 0x76, 0xfe, 0x2b,
    0x98, 0x40, 0xe9, 0x1d, 0x8e, 0xb0, 0x6e, 0xff, 0x90, 0x01, 0xa9, 0x06, 0xd5, 0xb1, 0xb6, 0x22,
    0x43, 0x0c, 0x06, 0xec, 0x77, 0x0f, 0x6d, 0x7b, 0xaa, 0xb7, 0xb6, 0xed, 0x41, 0x49, 0xba, 0xf5,
    0x3f, 0x92, 0xbf, 0xb1, 0xdb, 0xd2, 0xbf, 0x05, 0x4c, 0x66, 0xbb, 0x2d, 0xab, 0x09, 0xc2, 0x78,
    0x8a, 0x4e, 0x4a, 0x06, 0xcd, 0x7f, 0x08, 0x9d, 0x4a, 0xf2, 0x0e, 0x5f, 0xbd, 0x8c, 0x52, 0x85,
    0x33, 0x88, 0x02, 0x2f, 0x42, 0xae, 0xe1, 0x8b, 0x95, 0xe6, 0x8f, 0x7f, 0x47, 0x19, 0x9f, 0xee,
    0xaf, 0x24, 0x95, 0x81, 0x85, 0xa4, 0x39, 0x75, 0x1e, 0x76, 0x54, 0x28, 0x3c, 0xf8, 0x21, 0x5c,
    0x5e, 0x3d, 0x3c, 0x78, 0x7d, 0xb4, 0xbe, 0x25, 0xd5, 0x94, 0xc7, 0x1c, 0x3a, 0x3d, 0xf8, 0xb9,
    0x2f, 0xc2, 0x0c, 0x97, 0x9e, 0x36, 0x1f, 0x6e, 0x43, 0x91, 0xc2, 0x07, 0x8f, 0xc3, 0x67, 0xdf,
    0x1e, 0x7f, 0xbd, 0x1c, 0x2e, 0xbc, 0x3c, 0x99, 0x7f, 0x7c, 0xf4, 0x60, 0xf1, 0x70, 0x77, 0x0f,
    0x1c, 0xab, 0x29, 0x84, 0xd2, 0xe9, 0xca, 0x2a, 0xf9, 0xb6, 0xa7, 0xe4, 0xf7, 0xfe, 0xca, 0xf1,
    0xab, 0xad, 0x10, 0x0a, 0x7f, 0xf6, 0x3b, 0x1f, 0xab, 0xee, 0xaf, 0x84, 0xf7, 0xef, 0x1d, 0xbf,
    0xd8, 0x4d, 0x44, 0xaa, 0x40, 0x20, 0x00, 0x4f, 0xcd, 0xf5, 0x9d, 0xe6, 0x3f, 0xbf, 0xca, 0x66,
    0x3d, 0xdf, 0x78, 0x3b, 0x7f, 0x0f, 0x9a, 0x28, 0xd3, 0xf8, 0x69, 0xb1, 0xb9, 0xb9, 0x1c, 0xb9,
    0x87, 0x0e, 0x46, 0xb8, 0xd0, 0xc4, 0xe3, 0x9d, 0xfb, 0xc7, 0xaf, 0x17, 0x23, 0xac, 0x70, 0x7e,
    0xbf, 0xb9, 0xb1, 0x23, 0x4b, 0xb0, 0xf4, 0x9d, 0x6c, 0x6b, 0x7a, 0xda, 0x6a, 0xbe, 0xe7, 0xa9,
    0xbb, 0x13, 0x16, 0xce, 0xa4, 0x86, 0x0a, 0x84, 0x31, 0x52, 0x51, 0x24, 0x50, 0xb0, 0x6b, 0xa4,
    0x00, 0x84, 0x24, 0x02, 0x8e, 0x8c, 0x19, 0xc7, 0x76, 0x26, 0xb1, 0x24, 0x3d, 0xe0, 0x28, 0x9f,
    0x61, 0x64, 0x38, 0x0c, 0xbb, 0x40, 0xa9, 0xc4, 0xf6, 0xf8, 0x10, 0xe2, 0xc0, 0x7d, 0x79, 0x1f,
    0x2c, 0xe5, 0x6d, 0x07, 0xce, 0xe7, 0x49, 0x4c, 0xcf, 0x6e, 0x66, 0xac, 0x75, 0xf0, 0x32, 0xf3,
    0x0b, 0x2e, 0xaf, 0x6a, 0x5d, 0x2a, 0x72, 0xd0, 0xe5, 0xec, 0x72, 0xd3, 0x86, 0x1f, 0x75, 0x3c,
    0x3b, 0xcb, 0x61, 0x7f, 0x59, 0xcd, 0xe7, 0xf8, 0x82, 0x65, 0xf5, 0xeb, 0x33, 0x9e, 0xef, 0xa8,
    0xa0, 0x4c, 0x86, 0x3d, 0xdf, 0x76, 0xb5, 0xe4, 0x0c, 0x9c, 0xfb, 0x6f, 0xfb, 0x91, 0xda, 0x65,
    0xec, 0xd9, 0x35, 0x8e, 0x5d, 0x64, 0xb4, 0xae, 0x3e, 0xdc, 0x8c, 0xff, 0xdd, 0xc2, 0x4e, 0xc7,
    0xe2, 0xc7, 0x87, 0x33, 0x4a, 0x88, 0x82, 0x9b, 0xf1, 0x9f, 0xeb, 0xef, 0xe4, 0x0b, 0xbb, 0x8e,
    0x99, 0x5d, 0xc1, 0x29, 0xb3, 0xd6, 0x80, 0x47, 0x92, 0xf3, 0x4d, 0x65, 0xe1, 0xc1, 0x90, 0x8e,
    0x0c, 0x94, 0x51, 0x34, 0x95, 0x87, 0xbb, 0xdb, 0xd1, 0x3c, 0x17, 0x06, 0x80, 0xc1, 0x9b, 0x7f,
    0xfd, 0x16, 0x7e, 0xb3, 0x15, 0xde, 0x5b, 0x0b, 0x9f, 0x3e, 0xeb, 0xe0, 0x43, 0x06, 0xd4, 0x81,
    0x8c, 0x36, 0x1a, 0x69, 0x57, 0x10, 0xb2, 0x36, 0x31, 0x99, 0x41, 0x6f, 0x69, 0x2f, 0x69, 0xc4,
    0xea, 0xc8, 0xe0, 0xed, 0x94, 0xde, 0x79, 0x5b, 0x50, 0x96, 0xb7, 0x49, 0x15, 0xfb, 0x81, 0xd0,
    0xe4, 0x2c, 0x19, 0xea, 0xae, 0x99, 0x81, 0x0e, 0x43, 0xc3, 0x60, 0xa2, 0x52, 0xf7, 0xf3, 0x4e,
    0xcd, 0x7e, 0xa9, 0x39, 0x27, 0xd9, 0xef, 0x3c, 0x0c, 0x68, 0x73, 0x66, 0xa4, 0x10, 0xdf, 0xf5,
    0xff, 0x05, 0x15, 0x98, 0x89, 0x7a,
};

const uint8_t kRecordsStyle[] = {
    0x78, 0xda, 0xb5, 0x59, 0xdb, 0x8e, 0xa3, 0x38, 0x10, 0x7d, 0x9f, 0xaf, 0x60, 0x35, 0x5a, 0x29,
    0x91, 0x42, 0x96, 0xdc, 0xba, 0x13, 0x18, 0x45, 0xfb, 0x2b, 0x06, 0x4c, 0xe2, 0x6d, 0x83, 0x91,
    0x71, 0x3a, 0x9d, 0x41, 0xf9, 0xf7, 0x2d, 0x73, 0x8b, 0x0d, 0x36, 0xa1, 0xa7, 0x67, 0x5e, 0xa6,
    0xbb, 0x8d, 0x5d, 0x37, 0x57, 0x9d, 0x3a, 0xae, 0xf9, 0x51, 0x88, 0x1b, 0xc5, 0xc7, 0x6f, 0x4b,
    0x8e, 0x23, 0xc6, 0x63, 0x57, 0x30, 0x46, 0x43, 0xc4, 0xcb, 0x14, 0xf1, 0x13, 0xc9, 0x7c, 0xcf,
    0xf1, 0x9c, 0x95, 0x97, 0x7f, 0xdc, 0x7b, 0xdf, 0x9d, 0xbc, 0xdb, 0x11, 0x44, 0x8c, 0x32, 0xee,
    0xbf, 0x23, 0x3e, 0x73, 0x5d, 0x1c, 0xba, 0xe9, 0x45, 0xe0, 0x78, 0x1e, 0x24, 0x2c, 0x13, 0x6e,
    0x41, 0x7e, 0x62, 0x7f, 0xb5, 0x51, 0xcf, 0xa3, 0x90, 0xe2, 0xf2, 0x4a, 0x62, 0x71, 0xf6, 0x57,
    0x9e, 0xf7, 0x77, 0x90, 0x92, 0xcc, 0xad, 0xff, 0x3c, 0x78, 0xa0, 0x28, 0x08, 0x61, 0x17, 0xe6,
    0x2e, 0x08, 0xa5, 0x28, 0x2f, 0xb0, 0xdf, 0xfe, 0x32, 0x2a, 0xd0, 0x11, 0xe7, 0x45, 0x6f, 0x21,
    0x2e, 0x73, 0x14, 0xc7, 0x24, 0x3b, 0xf9, 0xd2, 0x7e, 0x67, 0xff, 0x10, 0x1d, 0x32, 0x21, 0x58,
    0xea, 0xaf, 0x60, 0xb5, 0x60, 0x94, 0xc4, 0x4e, 0x67, 0x3a, 0x25, 0x19, 0x9e, 0x07, 0x02, 0x7f,
    0x08, 0x17, 0x51, 0x72, 0xca, 0x7c, 0x8a, 0x13, 0x11, 0xbc, 0x63, 0x2e, 0x48, 0x84, 0x68, 0xb3,
    0x96, 0x92, 0x38, 0xa6, 0x78, 0xa0, 0xbf, 0x1c, 0x09, 0xc3, 0x15, 0x93, 0xd3, 0x59, 0xf8, 0x3b,
    0xcf, 0x0b, 0xae, 0x67, 0x22, 0xb0, 0x5b, 0xe4, 0x28, 0xc2, 0x7e, 0xc6, 0xae, 0x1c, 0xe5, 0x41,
    0x88, 0xa2, 0xb7, 0x13, 0x67, 0x97, 0x2c, 0x7e, 0x9c, 0x2e, 0x58, 0x22, 0xe6, 0x7d, 0x1d, 0x21,
    0x8b, 0x6f, 0x8e, 0xe0, 0x3e, 0x45, 0x85, 0x70, 0xa3, 0x33, 0xa1, 0xb1, 0x74, 0x53, 0xf7, 0xca,
    0xb3, 0x1d, 0x3a, 0x33, 0xf0, 0xa3, 0x54, 0x74, 0x7d, 0x4f, 0xc2, 0x24, 0x4a, 0xe2, 0x6e, 0x7f,
    0x76, 0x49, 0x43, 0xd8, 0x61, 0x30, 0xb0, 0xf2, 0x01, 0x4c, 0x23, 0x08, 0x7e, 0xc2, 0x36, 0xcc,
    0x49, 0xe4, 0x83, 0xf8, 0x0b, 0x45, 0x5c, 0xfe, 0x5d, 0xf4, 0x64, 0x38, 0x70, 0x3a, 0x5b, 0xf4,
    0xd7, 0x52, 0x44, 0x69, 0xb7, 0xc8, 0x71, 0x71, 0xa1, 0x02, 0x7e, 0xa0, 0x82, 0x65, 0x65, 0x4c,
    0x8a, 0x9c, 0xa2, 0x9b, 0x1f, 0x52, 0x16, 0xbd, 0xdd, 0x3f, 0x71, 0xb0, 0xce, 0x41, 0x48, 0xca,
    0xdc, 0x5f, 0xc3, 0x05, 0x3f, 0xcd, 0x44, 0xb8, 0x73, 0xed, 0x46, 0xb6, 0xde, 0x23, 0x5e, 0x94,
    0x40, 0x54, 0xe3, 0x0b, 0x47, 0x82, 0xb0, 0x4c, 0x77, 0xa1, 0xf7, 0x49, 0x1a, 0xd4, 0xd9, 0x4c,
    0x32, 0x99, 0x35, 0x41, 0x5b, 0x0d, 0xf7, 0xb1, 0x33, 0x8d, 0xb9, 0x32, 0xab, 0x7c, 0x2d, 0x87,
    0x49, 0xda, 0xd5, 0x84, 0x56, 0x11, 0xcb, 0x1d, 0x4e, 0x83, 0x2f, 0xdd, 0xc8, 0x4f, 0x96, 0xe1,
    0xa2, 0x7c, 0x88, 0x5c, 0xad, 0x71, 0xda, 0x7d, 0x44, 0x91, 0x34, 0xee, 0xa1, 0xd9, 0xa0, 0x49,
    0x29, 0x06, 0x2e, 0x43, 0xf6, 0x17, 0x49, 0x73, 0xc6, 0x05, 0xe8, 0xed, 0xa4, 0xe0, 0x34, 0x17,
    0x37, 0x37, 0xc2, 0xe0, 0x60, 0x5b, 0x72, 0xeb, 0x2d, 0x14, 0xd7, 0xea, 0x25, 0xff, 0x78, 0x6c,
    0xb7, 0xa7, 0xb9, 0xaa, 0x23, 0xc2, 0x99, 0xc0, 0x7c, 0x54, 0x89, 0x13, 0xea, 0xf9, 0xd2, 0x84,
    0xbe, 0x2d, 0x80, 0x6d, 0x7b, 0xc5, 0xf5, 0x8d, 0xef, 0x7a, 0x37, 0xbe, 0x53, 0x6e, 0x5c, 0x91,
    0x29, 0xaf, 0xdb, 0x5c, 0xc1, 0xf7, 0x0e, 0x1a, 0x63, 0x2c, 0x10, 0xa1, 0x6e, 0x4c, 0x10, 0x65,
    0xa7, 0x26, 0x68, 0x10, 0xd8, 0xd9, 0x6a, 0xf5, 0x02, 0x08, 0xb3, 0x00, 0x84, 0x88, 0x66, 0x00,
    0x69, 0xef, 0x57, 0xc7, 0x75, 0xd6, 0x80, 0x37, 0xf3, 0x01, 0x94, 0x28, 0xd1, 0xd0, 0x43, 0xcd,
    0x21, 0x3d, 0x0c, 0x4e, 0x37, 0x1a, 0xcf, 0x18, 0xc5, 0x9d, 0xcf, 0x09, 0xc5, 0x1f, 0x41, 0x25,
    0xd2, 0x05, 0x09, 0x69, 0x51, 0x2d, 0xb8, 0x85, 0x40, 0x5c, 0x04, 0xff, 0x5d, 0x0a, 0x41, 0x12,
    0x70, 0x09, 0x1c, 0x86, 0x40, 0xfa, 0x95, 0x78, 0x37, 0xc4, 0xe2, 0x8a, 0x71, 0x16, 0x9c, 0x50,
    0x0e, 0xd7, 0x0f, 0xf1, 0xd0, 0x03, 0x26, 0x97, 0x4c, 0x1a, 0x9d, 0xf3, 0xba, 0xc5, 0x78, 0xc8,
    0x55, 0xe8, 0x03, 0x9e, 0x12, 0xd7, 0xb5, 0x37, 0x12, 0x57, 0x45, 0xc8, 0x31, 0x26, 0xef, 0xc7,
    0x2a, 0xb8, 0xca, 0x9d, 0x18, 0x14, 0x46, 0x94, 0x15, 0xb8, 0x4a, 0xd3, 0x73, 0x2d, 0x6f, 0x33,
    0x41, 0x41, 0x8d, 0x05, 0xf6, 0xc8, 0xd4, 0xc9, 0x54, 0xfb, 0xed, 0x0d, 0xfd, 0xf6, 0xa6, 0x20,
    0xc6, 0x66, 0x68, 0x6b, 0xad, 0xd6, 0x59, 0x0a, 0x74, 0x2a, 0x9f, 0x58, 0x98, 0x62, 0x01, 0x95,
    0x59, 0x74, 0x26, 0x9e, 0x38, 0x89, 0x03, 0xf9, 0x8f, 0x0b, 0x06, 0xc2, 0x0a, 0xa4, 0x00, 0x58,
    0x70, 0x49, 0xb3, 0xc2, 0xe7, 0x38, 0xc7, 0x48, 0xcc, 0xb6, 0x0b, 0x08, 0x42, 0x8a, 0x3e, 0x66,
    0xde, 0x62, 0x95, 0x70, 0x48, 0x21, 0x69, 0xfd, 0x7e, 0x68, 0x44, 0x23, 0x59, 0xc6, 0x57, 0xa9,
    0x6e, 0x2f, 0xe8, 0x9a, 0x9e, 0x6c, 0x6f, 0xd5, 0x6d, 0xd7, 0xfd, 0xc1, 0xd6, 0xee, 0x9a, 0x12,
    0x6c, 0x9a, 0x08, 0x47, 0x31, 0xb9, 0x14, 0x7e, 0xd5, 0x2c, 0xa7, 0x94, 0xab, 0x4c, 0x6a, 0x8b,
    0x65, 0x75, 0x49, 0xe9, 0x95, 0x3a, 0x05, 0x9f, 0x6d, 0xe2, 0x2c, 0x55, 0x2f, 0xa1, 0x7f, 0xa3,
    0x97, 0xfc, 0xcb, 0x30, 0x73, 0x9e, 0x03, 0x66, 0x20, 0xdb, 0x63, 0x42, 0xd9, 0xd5, 0x95, 0xb0,
    0xe7, 0xa3, 0xec, 0x76, 0x3d, 0x63, 0x8e, 0xad, 0xce, 0x69, 0x3d, 0x60, 0x60, 0xd1, 0xa4, 0x66,
    0xe4, 0x8d, 0x34, 0xa3, 0x46, 0x9d, 0x4c, 0x95, 0x29, 0xc9, 0xd3, 0xe4, 0xcc, 0x7a, 0x2b, 0x81,
    0x68, 0x0d, 0x79, 0xe3, 0x34, 0xe9, 0xb4, 0xb6, 0xa4, 0x93, 0xb3, 0x92, 0x38, 0xf9, 0x27, 0x92,
    0xe5, 0x7b, 0x92, 0x24, 0x26, 0x37, 0xfa, 0x99, 0x6a, 0xda, 0x33, 0xb8, 0xe4, 0x2f, 0x35, 0x74,
    0x55, 0xb0, 0x21, 0x19, 0x7b, 0x09, 0xf4, 0xe4, 0xfe, 0x65, 0x8b, 0x06, 0x8f, 0xb3, 0x13, 0xae,
    0x65, 0x7d, 0xa9, 0x29, 0x37, 0x96, 0x15, 0xb8, 0xee, 0xbf, 0x8a, 0x25, 0x32, 0x79, 0x2d, 0xdb,
    0x8e, 0xe7, 0x4d, 0xa9, 0x23, 0xd8, 0xab, 0x9e, 0xf7, 0xdb, 0xe7, 0x88, 0xd9, 0x8a, 0xca, 0x55,
    0x7e, 0xbf, 0x9f, 0x92, 0xac, 0x2a, 0x66, 0x4b, 0x4e, 0x31, 0x46, 0xe4, 0x57, 0xde, 0x7e, 0x2a,
    0x93, 0x37, 0x8b, 0x55, 0xe9, 0xbc, 0xba, 0xfa, 0xe0, 0xf4, 0x32, 0x85, 0x5f, 0x7f, 0x1b, 0xa5,
    0x87, 0xc8, 0x9b, 0xad, 0xf8, 0x93, 0xa4, 0x5e, 0x55, 0x34, 0x95, 0xd3, 0x6b, 0xc1, 0x38, 0x86,
    0xe6, 0x20, 0x1d, 0x0d, 0xe0, 0x64, 0x93, 0x60, 0x6d, 0x60, 0x26, 0x89, 0xd3, 0x01, 0xce, 0x54,
    0x8d, 0x0d, 0x15, 0x76, 0x73, 0x44, 0x4c, 0xaf, 0x0c, 0xf3, 0x46, 0xe7, 0xe1, 0xa3, 0xbe, 0xae,
    0xf1, 0xf3, 0xde, 0x27, 0x03, 0x3f, 0x57, 0x98, 0x57, 0x9b, 0xf9, 0x26, 0xbe, 0x35, 0x50, 0xd1,
    0x25, 0x9c, 0xe7, 0x6c, 0x6d, 0x2e, 0x8f, 0xc5, 0x6c, 0x79, 0x45, 0x7c, 0x40, 0x2c, 0xe5, 0xda,
    0xe3, 0x54, 0x88, 0x0a, 0x2c, 0x4d, 0xb4, 0x91, 0xf4, 0x0a, 0x94, 0x72, 0x00, 0x27, 0xc9, 0x12,
    0xb3, 0x08, 0xf7, 0xfa, 0x01, 0xaa, 0xe1, 0xeb, 0x71, 0x78, 0xe3, 0x8d, 0x1c, 0x3e, 0x0e, 0x81,
    0xd0, 0xba, 0xd7, 0x79, 0x7c, 0x40, 0xa7, 0xa2, 0xd4, 0xf1, 0xb2, 0x3b, 0x05, 0xcc, 0x33, 0x24,
    0x94, 0x88, 0x5b, 0x2f, 0xe2, 0x6e, 0x25, 0xdc, 0x10, 0x77, 0xc9, 0x24, 0x65, 0x30, 0x95, 0x4f,
    0x5d, 0x1f, 0x82, 0xfa, 0xdd, 0x3d, 0xaa, 0xba, 0x69, 0x30, 0x87, 0xc3, 0x61, 0x94, 0x8f, 0xe8,
    0x2d, 0xd5, 0xca, 0xb1, 0xb5, 0x24, 0xeb, 0xac, 0x5e, 0xb2, 0xb7, 0xfe, 0xf5, 0xb0, 0xb7, 0xf9,
    0x5d, 0x77, 0x5d, 0x63, 0x98, 0x15, 0xdf, 0xae, 0x9a, 0x44, 0x55, 0xe8, 0xf2, 0x02, 0xb6, 0xda,
    0x05, 0xbc, 0x2a, 0xf1, 0x17, 0x38, 0x3a, 0x67, 0x12, 0x69, 0x34, 0x90, 0xdf, 0x3c, 0x7a, 0x6f,
    0xbd, 0xa0, 0xc0, 0x65, 0xf5, 0xf7, 0x58, 0xfb, 0x1d, 0xca, 0x76, 0x8a, 0x4b, 0x0a, 0xe2, 0x6f,
    0x65, 0x74, 0xe1, 0x05, 0x78, 0x92, 0x33, 0x52, 0x11, 0xdf, 0x4f, 0x81, 0x7a, 0x27, 0xcd, 0xcd,
    0x98, 0xc0, 0x6d, 0x7f, 0xd8, 0x37, 0xcc, 0x7f, 0x52, 0x23, 0xae, 0x6c, 0x6c, 0xf8, 0xfb, 0x6a,
    0xb9, 0xdb, 0x19, 0x64, 0x4f, 0x25, 0x34, 0x0d, 0x7d, 0x41, 0x17, 0xc1, 0xdc, 0x84, 0x88, 0x96,
    0xc5, 0xac, 0x2a, 0x82, 0xa3, 0x31, 0x19, 0xb5, 0x8f, 0xef, 0x8d, 0xfe, 0x74, 0xec, 0x43, 0x6d,
    0x1e, 0x87, 0x41, 0x9a, 0xbd, 0x8e, 0x25, 0x99, 0x45, 0xac, 0x02, 0x4f, 0xbd, 0x0f, 0x23, 0x75,
    0xd6, 0x17, 0x51, 0x7e, 0x89, 0x29, 0x9a, 0xf4, 0xf6, 0x80, 0x7a, 0xfc, 0xe9, 0xa5, 0x5e, 0x77,
    0x35, 0x2a, 0x9b, 0x7a, 0xdf, 0x7d, 0x41, 0x75, 0xb7, 0x6a, 0x9e, 0x72, 0xad, 0xeb, 0x19, 0x60,
    0xe2, 0xfd, 0xdb, 0xbf, 0x29, 0x86, 0x67, 0xf3, 0x0c, 0xae, 0xb0, 0xad, 0x11, 0xf9, 0x64, 0x9e,
    0x97, 0xc3, 0xa9, 0xa2, 0x76, 0x4e, 0x1f, 0x1a, 0xf6, 0xe8, 0x9b, 0x81, 0x4a, 0xb6, 0x6d, 0x5b,
    0x7d, 0x2f, 0x0f, 0x05, 0xd5, 0x33, 0xb1, 0x21, 0x8c, 0x1e, 0x86, 0x53, 0x45, 0xae, 0xef, 0x52,
    0xf9, 0xf2, 0x13, 0xaa, 0xfc, 0x19, 0x96, 0xfc, 0x7c, 0x52, 0x37, 0xdc, 0x3c, 0xa9, 0x8a, 0x5e,
    0xe4, 0xfc, 0xc8, 0xd1, 0x5e, 0x00, 0x5d, 0xd9, 0xb4, 0xbe, 0xc8, 0x49, 0x8d, 0xd7, 0x3a, 0xe3,
    0x19, 0xe6, 0x12, 0xf6, 0x21, 0xc6, 0xc0, 0x26, 0xdf, 0x0f, 0x31, 0x74, 0x0f, 0x5c, 0xb6, 0x03,
    0x08, 0x24, 0x04, 0x9f, 0xc5, 0x48, 0x20, 0x97, 0xa2, 0x10, 0xd3, 0xf9, 0x24, 0x48, 0xb2, 0xa7,
    0x7a, 0xa5, 0xa6, 0x37, 0xbc, 0xd2, 0xb0, 0xb9, 0x3f, 0x00, 0xa9, 0xb0, 0x1a, 0x67, 0x71, 0x50,
    0x67, 0x8a, 0x84, 0x13, 0x0d, 0x78, 0x0f, 0x9f, 0xc0, 0x5d, 0x15, 0x68, 0x76, 0x83, 0x54, 0xd1,
    0xad, 0xea, 0x02, 0x31, 0x92, 0x85, 0xfa, 0x89, 0xe3, 0x32, 0x14, 0xb2, 0x6f, 0xbe, 0xf5, 0x29,
    0x75, 0x3b, 0x0f, 0xd9, 0x5a, 0x55, 0xd6, 0x63, 0x2c, 0xce, 0xae, 0xbd, 0x0a, 0xe9, 0xa8, 0xcb,
    0xe8, 0xb9, 0x6a, 0x6e, 0x67, 0x3e, 0xb8, 0x5e, 0x37, 0xcf, 0x42, 0xeb, 0x95, 0x0f, 0x45, 0x8d,
    0x7b, 0x6e, 0x1a, 0xa1, 0xe9, 0x73, 0x33, 0x09, 0x0b, 0x8f, 0x3a, 0x33, 0xeb, 0xd6, 0xdf, 0xe2,
    0x0b, 0xd3, 0x9b, 0x79, 0xb4, 0xab, 0xf4, 0x1f, 0xc5, 0xa6, 0x87, 0xcd, 0x73, 0xb0, 0xd1, 0x1e,
    0x0a, 0x56, 0xc4, 0x51, 0x77, 0x99, 0x61, 0x67, 0x6f, 0x79, 0x02, 0x59, 0xb0, 0xe7, 0xf0, 0x69,
    0xe8, 0x79, 0xb5, 0x28, 0x98, 0x04, 0x21, 0x7b, 0x23, 0x80, 0xbc, 0x2a, 0x00, 0xb2, 0xd1, 0x00,
    0xc4, 0xac, 0xe9, 0x37, 0x00, 0xc3, 0xd8, 0x4b, 0xff, 0x57, 0x9e, 0x45, 0x35, 0x4b, 0x9d, 0xf2,
    0xde, 0xa9, 0xc6, 0xf5, 0x6a, 0xf9, 0xb5, 0x8c, 0x7d, 0x61, 0xa5, 0xe8, 0xa6, 0x7c, 0x69, 0x58,
    0xb4, 0x7d, 0x02, 0x62, 0xec, 0x9f, 0x12, 0xc1, 0xcc, 0xe5, 0x73, 0x5c, 0xd6, 0xc8, 0x51, 0x38,
    0xe1, 0x05, 0x0e, 0x66, 0x0a, 0x70, 0xdc, 0x0d, 0x1d, 0x77, 0xbb, 0xd6, 0x3a, 0xee, 0x2f, 0xd7,
    0x10, 0xe4, 0x80, 0x65, 0x0e, 0x6b, 0x19, 0x4a, 0x57, 0xbf, 0xc6, 0x84, 0xd7, 0xa3, 0x07, 0xbf,
    0x96, 0x53, 0x65, 0xd1, 0xce, 0x3e, 0x78, 0x56, 0x2e, 0x5e, 0xd6, 0xc7, 0xfd, 0xdb, 0x8f, 0x7f,
    0xea, 0xff, 0xa8, 0xfc, 0x1f, 0x0d, 0x59, 0xa8, 0x58,
};

const uint8_t kEventsStyle[] = {
    0x78, 0xda, 0xa5, 0x58, 0xdb, 0x6e, 0xab, 0x38, 0x14, 0x7d, 0xef, 0x57, 0x30, 0x3a, 0x1a, 0x29,
    0x91, 0xe2, 0x1c, 0xc8, 0xa5, 0x17, 0x38, 0xaa, 0xe6, 0x3f, 0x46, 0xf3, 0x60, 0xc0, 0x24, 0x9e,
    0x1a, 0x8c, 0x8c, 0xc9, 0x65, 0x50, 0xff, 0x7d, 0xb6, 0x4d, 0x20, 0xb6, 0x81, 0x24, 0xa7, 0x7d,
    0x49, 0x0b, 0xb1, 0x97, 0xf7, 0x75, 0xed, 0xe5, 0xfc, 0xaa, 0xe4, 0x99, 0x91, 0xf7, 0xa7, 0x65,
    0xc2, 0x8b, 0x94, 0x4a, 0xca, 0x0b, 0x54, 0xd5, 0x79, 0x8e, 0xc5, 0xb9, 0x49, 0x69, 0x55, 0x32,
    0x7c, 0x0e, 0x33, 0x46, 0x4e, 0x11, 0x66, 0x74, 0x57, 0x20, 0x2a, 0x49, 0x5e, 0x85, 0x31, 0xae,
    0x08, 0xa3, 0x05, 0x89, 0xfe, 0xad, 0x2b, 0x49, 0xb3, 0x33, 0x82, 0xbd, 0x92, 0x14, 0x32, 0xac,
    0x4a, 0x9c, 0x10, 0x14, 0x13, 0x79, 0x24, 0xa4, 0x88, 0x76, 0xb8, 0x0c, 0x83, 0x55, 0x79, 0x8a,
    0x00, 0x6d, 0x47, 0x0b, 0x14, 0x73, 0x29, 0x79, 0x1e, 0x06, 0x7e, 0x79, 0xfa, 0x1c, 0x1e, 0xe7,
    0x95, 0x4d, 0xbb, 0x2e, 0xf4, 0xa3, 0x84, 0x33, 0x2e, 0xc2, 0x03, 0x16, 0x33, 0x84, 0x48, 0x8c,
    0xf2, 0x5a, 0x92, 0x74, 0x1e, 0x65, 0x70, 0x0a, 0xaa, 0xe8, 0x7f, 0x24, 0x0c, 0xd6, 0x36, 0xc4,
    0x4e, 0xd0, 0xb4, 0x37, 0x57, 0x3d, 0x44, 0xea, 0x03, 0x81, 0xb1, 0xf0, 0x46, 0x12, 0xb0, 0x8f,
    0xd5, 0x79, 0x51, 0x85, 0x82, 0x94, 0x04, 0xcb, 0xd9, 0x6a, 0x91, 0xd3, 0x22, 0xc7, 0xa7, 0x99,
    0xbf, 0x08, 0x32, 0x31, 0x9f, 0x6b, 0x4b, 0x5f, 0x6d, 0x48, 0xe5, 0xe9, 0x74, 0x04, 0x12, 0xf0,
    0x96, 0x88, 0x47, 0xfd, 0x2f, 0x71, 0x9a, 0xd2, 0x62, 0xa7, 0x3d, 0xf7, 0xf4, 0x9b, 0x98, 0x8b,
    0x94, 0x88, 0x30, 0x80, 0xe7, 0x8a, 0x33, 0x9a, 0x7a, 0xbd, 0xaf, 0x2a, 0xae, 0xa8, 0xe2, 0x99,
    0x9c, 0x5f, 0x16, 0x21, 0x81, 0x53, 0x5a, 0x57, 0xca, 0xbe, 0x28, 0xc6, 0xc9, 0xc7, 0x4e, 0xf0,
    0xba, 0x48, 0xc3, 0x1f, 0x59, 0x96, 0xb9, 0xf6, 0x7a, 0x29, 0x3d, 0x34, 0xe0, 0x1a, 0x3a, 0xd2,
    0x54, 0xee, 0x43, 0x7f, 0xf0, 0x7d, 0xdc, 0x7b, 0x14, 0x33, 0x9e, 0x7c, 0x38, 0x11, 0x6d, 0x1f,
    0x8f, 0x84, 0xee, 0xf6, 0x32, 0xdc, 0xfa, 0xc3, 0xed, 0x55, 0x8e, 0x19, 0x73, 0x20, 0x2e, 0xb9,
    0x95, 0xbc, 0x0c, 0x95, 0x63, 0x77, 0x33, 0x17, 0x38, 0xe7, 0x6c, 0x46, 0xce, 0x59, 0x4a, 0xbc,
    0x6b, 0x54, 0xcc, 0x43, 0xdf, 0xf3, 0x3d, 0x5c, 0x4b, 0xfe, 0xf9, 0xb4, 0x24, 0x07, 0x88, 0x30,
    0xca, 0x28, 0x83, 0xc0, 0xdb, 0x89, 0x51, 0x1f, 0xe8, 0x28, 0x20, 0xda, 0xea, 0xc3, 0xca, 0x93,
    0xfe, 0x8a, 0x14, 0x69, 0x9b, 0x8b, 0x3e, 0xfc, 0x4e, 0x41, 0x6e, 0x54, 0xea, 0x4d, 0x7c, 0x8f,
    0xe1, 0x98, 0x30, 0xa7, 0xa2, 0x00, 0x61, 0xd3, 0xef, 0x7d, 0xa4, 0x48, 0x57, 0x03, 0x58, 0x68,
    0x1b, 0x92, 0xc8, 0xa6, 0x4d, 0x4f, 0xf0, 0xea, 0x6b, 0xb8, 0xd3, 0x25, 0x5d, 0x05, 0x87, 0x8e,
    0x52, 0xd9, 0xdb, 0xb7, 0x91, 0x59, 0x9b, 0xa7, 0xd9, 0x40, 0x08, 0x27, 0x2a, 0x5a, 0xd5, 0xdd,
    0x02, 0xed, 0x0b, 0x7b, 0x6c, 0xb7, 0x47, 0x8b, 0xb2, 0x96, 0x8b, 0xf1, 0xef, 0x96, 0xb1, 0x2c,
    0xa0, 0x16, 0x3f, 0x9a, 0x7b, 0x16, 0x49, 0x1c, 0x33, 0xd2, 0xb9, 0xe4, 0xfb, 0x7f, 0x46, 0xd7,
    0x02, 0x7c, 0xf3, 0xfd, 0xbe, 0xd6, 0x55, 0x0f, 0x32, 0x5c, 0x56, 0x24, 0xec, 0xfe, 0x89, 0xf4,
    0x4e, 0x04, 0xe6, 0xf3, 0x5a, 0x86, 0x2a, 0xcb, 0x83, 0x0e, 0x37, 0x4e, 0xf0, 0xe4, 0x7e, 0x61,
    0x3f, 0xa7, 0x4d, 0xdf, 0x57, 0xaa, 0x8f, 0x02, 0xe3, 0xac, 0x2e, 0xb1, 0xe3, 0xed, 0x35, 0x8f,
    0x24, 0x39, 0x49, 0xa4, 0xc3, 0x15, 0x32, 0x92, 0xc9, 0xe8, 0x40, 0x84, 0xa4, 0x09, 0x66, 0x97,
    0x77, 0x50, 0xcc, 0xee, 0xd9, 0xdd, 0x59, 0xba, 0xd0, 0xdf, 0xae, 0x3d, 0xdd, 0x1d, 0xf5, 0x76,
    0xbb, 0xf6, 0x2f, 0xc5, 0xfe, 0xbc, 0xf5, 0xa3, 0xe3, 0x1e, 0x32, 0x84, 0x34, 0x53, 0x40, 0xca,
    0x75, 0xc5, 0x1a, 0x6d, 0xdd, 0xef, 0xd6, 0x14, 0xe0, 0x58, 0x11, 0xf3, 0xf4, 0xec, 0x49, 0x11,
    0x32, 0x5c, 0x49, 0x94, 0xec, 0x29, 0x4b, 0x55, 0x14, 0x6c, 0x9f, 0xfd, 0x89, 0x3d, 0x7b, 0x0e,
    0x4e, 0x36, 0x16, 0x81, 0xc4, 0x59, 0x92, 0xa5, 0xfd, 0x72, 0x9a, 0xf7, 0x59, 0x34, 0x73, 0x18,
    0xf8, 0xcb, 0x2d, 0xc9, 0xc7, 0xac, 0xd6, 0x8e, 0x81, 0xbd, 0x14, 0xc3, 0xdf, 0xa2, 0xce, 0x89,
    0xa0, 0x49, 0x08, 0xa7, 0xd6, 0x0c, 0x0b, 0xf5, 0x5c, 0x75, 0xd0, 0x0c, 0xfe, 0xb0, 0x2b, 0xf6,
    0x10, 0xaa, 0x5b, 0x98, 0x00, 0x57, 0xef, 0x38, 0x4c, 0x9e, 0x11, 0x3b, 0x5e, 0x47, 0x8d, 0xb8,
    0x5a, 0x2f, 0xa1, 0x08, 0x0d, 0xab, 0x95, 0xcd, 0x9a, 0x4a, 0x2f, 0xa5, 0x1b, 0x2c, 0xb7, 0x43,
    0xda, 0x69, 0xf7, 0x76, 0xe3, 0xee, 0xba, 0x7b, 0xe5, 0xc3, 0xee, 0xf1, 0x6c, 0x3a, 0x98, 0x1d,
    0x46, 0xdb, 0x35, 0xb7, 0x7c, 0x34, 0x6b, 0x4e, 0xa8, 0xed, 0x7f, 0xd0, 0xbc, 0xe4, 0x42, 0x42,
    0xf0, 0x3a, 0x10, 0x98, 0x56, 0xf2, 0xdc, 0x17, 0xf5, 0xea, 0xb9, 0x3c, 0x5d, 0xd7, 0x98, 0xdb,
    0xdb, 0xde, 0x36, 0xbe, 0x1b, 0x35, 0xb5, 0x43, 0x4d, 0x89, 0xc4, 0xb4, 0x0b, 0x3f, 0xf8, 0x38,
    0x7b, 0x51, 0xbc, 0xb3, 0x80, 0x6a, 0x4f, 0x66, 0xd0, 0xaf, 0x87, 0xa3, 0x87, 0xbc, 0x15, 0x70,
    0xc4, 0x7c, 0xd8, 0x16, 0xb6, 0x17, 0x02, 0xd8, 0xdf, 0x06, 0x85, 0x40, 0xe0, 0x74, 0x9a, 0x83,
    0x34, 0xf9, 0x56, 0x12, 0x0b, 0xf9, 0xc8, 0xa0, 0x7c, 0xbe, 0x36, 0xbc, 0x81, 0x0e, 0x91, 0x68,
    0x27, 0x41, 0x10, 0x59, 0x83, 0x6d, 0xb0, 0xd0, 0xdb, 0xaf, 0x3a, 0xfd, 0xf0, 0x02, 0x6d, 0x0f,
    0x83, 0xc3, 0x60, 0x93, 0x95, 0x3f, 0x36, 0xdd, 0x2c, 0x8c, 0x84, 0xf1, 0x8a, 0xd8, 0x43, 0xc7,
    0x22, 0xe3, 0xd5, 0xc0, 0xbc, 0xbe, 0x6e, 0xda, 0x53, 0x95, 0x03, 0x70, 0x68, 0xcf, 0x49, 0x2b,
    0xc5, 0x49, 0x9b, 0x2b, 0x27, 0x8d, 0x8f, 0x71, 0xbb, 0xdf, 0x4d, 0x02, 0x54, 0x5b, 0x9d, 0x6a,
    0xdb, 0xba, 0x16, 0x90, 0xb6, 0xec, 0x8c, 0x19, 0x3c, 0x12, 0xc6, 0xcb, 0x2a, 0x6f, 0xbf, 0x6e,
    0xec, 0xb9, 0xf7, 0xd2, 0x73, 0xd6, 0x8f, 0xf5, 0x66, 0xe3, 0x6f, 0x37, 0x77, 0xf5, 0x80, 0x85,
    0x3b, 0x22, 0xba, 0xfa, 0x21, 0xfb, 0x6a, 0xaa, 0x1e, 0x27, 0x12, 0xdf, 0x57, 0x3d, 0x96, 0x19,
    0x8a, 0xd7, 0x0e, 0x94, 0x1c, 0x9b, 0x9b, 0x92, 0x6f, 0xed, 0x48, 0x3e, 0x07, 0x24, 0xae, 0x2b,
    0xb0, 0xa0, 0xaa, 0x6e, 0x83, 0xa8, 0xa2, 0x80, 0x39, 0x29, 0x3b, 0x2c, 0x3d, 0xc1, 0x47, 0xf1,
    0x24, 0x49, 0xf6, 0x85, 0x9e, 0x28, 0x3a, 0x4a, 0xbf, 0x65, 0xda, 0xfd, 0x71, 0x60, 0x24, 0xe0,
    0x7d, 0x20, 0xf9, 0x06, 0x4b, 0x06, 0xaa, 0xef, 0x6b, 0x1a, 0x6d, 0x88, 0x0b, 0x4d, 0x5c, 0x4c,
    0xab, 0x41, 0x55, 0x40, 0x2a, 0x37, 0x19, 0xe3, 0xc7, 0x56, 0x9d, 0xe1, 0xe2, 0x7c, 0xdc, 0x13,
    0x41, 0xa6, 0xb0, 0xb4, 0xec, 0xeb, 0xf0, 0x68, 0xa1, 0x6b, 0x42, 0x35, 0xa4, 0x39, 0xa2, 0x60,
    0xe0, 0xb0, 0x1a, 0x06, 0xd5, 0x37, 0xc6, 0x51, 0x9f, 0x1b, 0xab, 0x6f, 0x8c, 0x8a, 0x6d, 0x5f,
    0xac, 0xaf, 0xad, 0xab, 0x9f, 0x27, 0xb4, 0xc4, 0x00, 0xd5, 0xeb, 0x78, 0x21, 0xa9, 0x45, 0x05,
    0x71, 0x2e, 0x39, 0xd5, 0x52, 0xec, 0x91, 0x3b, 0xcd, 0x54, 0xd4, 0x7b, 0xf0, 0xbf, 0x79, 0x49,
    0x8a, 0x7f, 0x3c, 0x9b, 0x7a, 0xac, 0x8b, 0xd5, 0xd3, 0x5f, 0x39, 0x49, 0x29, 0x9e, 0x5d, 0x75,
    0xe5, 0xcb, 0x33, 0xbc, 0x9f, 0x37, 0xee, 0x75, 0x69, 0xbc, 0x26, 0xa1, 0x02, 0x3f, 0xc7, 0xa5,
    0xf6, 0x8d, 0x6b, 0x15, 0x6c, 0xf2, 0x06, 0x1b, 0x5b, 0x0d, 0xbd, 0xb8, 0x25, 0x80, 0x41, 0x2d,
    0x4e, 0xe8, 0x5a, 0x7d, 0x4e, 0x0b, 0x1f, 0x06, 0x3f, 0x51, 0xf0, 0x1d, 0x01, 0xdb, 0x8e, 0x0f,
    0x5b, 0xae, 0x3a, 0x55, 0x3b, 0xec, 0x9f, 0x4e, 0xf7, 0x99, 0x03, 0x4e, 0x09, 0xf4, 0x11, 0x75,
    0x35, 0xe4, 0xc0, 0xb7, 0x81, 0x76, 0x75, 0xc2, 0x68, 0x0a, 0xd7, 0x3b, 0xac, 0xf8, 0x1b, 0x84,
    0x78, 0x5f, 0xf1, 0x0d, 0xd6, 0x3e, 0x74, 0x6b, 0x7e, 0x86, 0x2b, 0x99, 0x45, 0x51, 0xdd, 0xb5,
    0x22, 0x6a, 0x83, 0xd6, 0xcf, 0xca, 0x4b, 0x0c, 0x7b, 0xf7, 0x36, 0x7a, 0x22, 0x5e, 0xfc, 0xf3,
    0x5d, 0x79, 0x61, 0x08, 0x98, 0x69, 0xa1, 0xd1, 0xd9, 0x19, 0x86, 0x31, 0xc9, 0xb8, 0x20, 0x4d,
    0xa7, 0x20, 0xb0, 0x94, 0x62, 0x96, 0x62, 0x89, 0x91, 0xae, 0xb3, 0xf9, 0x43, 0xd7, 0xb1, 0xa9,
    0x89, 0xd6, 0x9e, 0x62, 0x29, 0xe1, 0x69, 0xa9, 0x69, 0xae, 0xbd, 0xe8, 0x3e, 0x4b, 0x02, 0xb9,
    0x5a, 0xa7, 0xbf, 0x83, 0xba, 0x57, 0x88, 0xfb, 0xec, 0x72, 0x19, 0x89, 0x06, 0x4f, 0x6d, 0xdd,
    0xd2, 0xb2, 0x0c, 0xe9, 0xa3, 0x34, 0x5d, 0xb2, 0xd6, 0xfa, 0xf7, 0xbe, 0x49, 0x9c, 0xfb, 0x9b,
    0x71, 0xe1, 0xb3, 0xd5, 0xa9, 0xd5, 0x38, 0x13, 0x12, 0xf6, 0xa6, 0x15, 0x96, 0x1c, 0xb5, 0x45,
    0xa8, 0xa2, 0x29, 0x4b, 0x35, 0x0c, 0xf1, 0x9d, 0x99, 0xbf, 0xf8, 0xfa, 0xd4, 0x75, 0x7f, 0x03,
    0xfa, 0x1c, 0x61, 0x4e, 0x10, 0x45, 0x9a, 0x39, 0x2d, 0x3e, 0x7c, 0x90, 0x37, 0x47, 0xa9, 0x4c,
    0xff, 0x94, 0xf1, 0x90, 0x2b, 0x9d, 0x20, 0xf9, 0x8a, 0x87, 0x86, 0x2d, 0x8e, 0x40, 0x36, 0xba,
    0x41, 0xfd, 0x2a, 0xf0, 0xf9, 0xf4, 0xeb, 0x67, 0xfb, 0xf3, 0xdf, 0xff, 0xd8, 0xa6, 0x70, 0xd3,
};

const Descriptor kDescriptors[] = {
    {kHomeStyle, 1612U, 6299U},
    {kHomeScript, 2137U, 5327U},
    {kActiveTaskStyle, 1328U, 5653U},
    {kActiveTaskScript, 3492U, 9089U},
    {kPauseScript, 951U, 2555U},
    {kSingleOutputForm, 2991U, 12858U},
    {kLearningStyle, 1200U, 4921U},
    {kLearningScript, 1350U, 3060U},
    {kRecordsStyle, 1625U, 7344U},
    {kEventsStyle, 1328U, 5126U},
};

uint8_t g_output[12859U];

}  // namespace

bool send(Asset asset) {
    const uint8_t index = static_cast<uint8_t>(asset);
    if (index >= sizeof(kDescriptors) / sizeof(kDescriptors[0])) return false;
    const Descriptor& descriptor = kDescriptors[index];
    const size_t outputSize = tinfl_decompress_mem_to_mem(
        g_output,
        descriptor.uncompressedSize,
        descriptor.compressed,
        descriptor.compressedSize,
        TINFL_FLAG_PARSE_ZLIB_HEADER | TINFL_FLAG_USING_NON_WRAPPING_OUTPUT_BUF);
    if (outputSize == TINFL_DECOMPRESS_MEM_TO_MEM_FAILED ||
        outputSize != descriptor.uncompressedSize) {
        ESP32BASE_LOG_E("irrigation_web", "asset_decompress_failed asset=%u size=%lu",
                        static_cast<unsigned>(index),
                        static_cast<unsigned long>(outputSize));
        return false;
    }
    g_output[outputSize] = 0;
    Esp32BaseWeb::sendChunk(reinterpret_cast<const char*>(g_output));
    return true;
}

}  // namespace IrrigationWebAssets
